age,gender,year_in_school,major,monthly_income,financial_aid,tuition,housing,food,transportation,books_supplies,entertainment,personal_care,technology,health_wellness,miscellaneous,preferred_payment_method,total_spending,saving_ratio,spending_level
0.9928147787866072,-1.2636510383224195,1.3128775766619205,-1.321126391940881,0.1956265020245567,-0.5268983322773728,0.10146030618607546,-1.3845460550080921,-1.3730515721936711,-0.6020957984285991,-0.1308857100464124,0.3263677416695916,-1.1316718532070988,-1.3821055349228057,-1.2718187055350947,0.7805317348261926,-1.2665256967664604,-2.211576022237107,1.1069102619232298,0.0031484626052172586
-1.2118679825439702,-0.012845245624624281,0.4204415974126744,1.3228234072163352,-0.7316290502102135,0.11401665499580547,-1.5271647259929757,0.24163016338814391,-1.6733440550323868,1.4731677789682394,1.6298687596020525,-1.4106789529681298,0.9380569824725807,0.3713677516444928,-0.552104360880935,-1.3956146446212268,-1.2665256967664604,-0.1118744094338167,-0.37552800881830967,1.2294746473373186
0.11094167425437625,-0.012845245624624281,0.4204415974126744,0.0008485076377269405,-0.7175797236612018,0.3822256442351246,-1.214190520520845,-0.9257320505320114,1.1216859775433512,-0.5559788300420027,-1.1818786880536356,0.4842810775457481,-1.572039690585754,0.9374496788040144,-1.41176316144007,0.7994547468213876,-0.15671296585411776,-0.6305258038314421,-0.13499828496855443,0.0031484626052172586
-1.6528045348100857,-1.2636510383224195,1.3128775766619205,0.0008485076377269405,-0.7386537134847193,-0.7463420507459066,-0.6438819683271843,0.39844001301920956,1.0061888687592297,-1.7089030397069127,-1.0726846124165215,0.9317021958615249,1.2463144686376395,-0.6089204636805324,-1.131874249630119,0.09930330299917443,-1.2665256967664604,-0.12023975450474614,-0.3798533927591283,1.2294746473373186
0.11094167425437625,-1.2636510383224195,0.4204415974126744,0.0008485076377269405,-0.09238469223018253,1.5107933392161559,0.4364586224136525,-1.2509672942112586,-1.2691041742879619,-1.6397275871270183,-1.3320205420546676,-0.2789667125223417,-0.2949729621876539,-1.3821055349228057,-0.9719377285958614,-1.6226907885635662,-1.2665256967664604,-3.119215962432951,1.285511375752988,0.0031484626052172586
-0.3299948780117392,-0.012845245624624281,-1.364430361085818,-1.321126391940881,0.03405924671092249,1.3679807605302847,-1.5943962219832852,0.8572540174952905,1.283381929841121,1.33481687380845,1.1657939381443174,1.1685721996757596,-1.4839661231100232,0.15045773128955756,-0.41215990497595945,0.4209945069174886,-0.15671296585411776,1.778693576596237,-0.3406854578870074,-1.2231777221268842
-1.2118679825439702,-0.012845245624624281,1.3128775766619205,1.3228234072163352,-1.809914862846859,0.48672265302966455,0.4944168086121953,-0.0836050802911033,-1.4308001265857317,0.4124775060765219,-0.8815949800515718,1.1948910889884523,1.290351252375505,0.4404021330054101,1.6470228033401084,-0.506233080847064,-1.2665256967664604,-0.0951437192919578,-2.3510760074985217,1.2294746473373186
1.4337513310527226,-0.012845245624624281,1.3128775766619205,0.0008485076377269405,1.579485167102206,-0.3597031182061089,1.2200532998179505,0.009319275045824478,-0.8648642935435369,-0.486803377462108,-0.04899015331857682,-1.279084506404666,-0.4270833134012505,-1.326878029834072,0.5074750909710223,0.11822631499436938,-0.15671296585411776,-0.9233128813139726,1.2656064168768466,0.0031484626052172586
0.11094167425437625,-1.2636510383224195,0.4204415974126744,-1.321126391940881,0.03405924671092249,-0.09149412896678973,-1.1202982588792056,0.7643296621583627,1.2371830863274726,-1.4091427451940362,1.5343239434195777,-0.9632578346523532,1.1582409011619084,0.6751190296325288,0.34753856993676463,0.23176438696553908,-0.15671296585411776,1.4984545167201009,-0.24450247935714264,-1.2231777221268842
-0.7709314302778547,-1.2636510383224195,-1.364430361085818,-1.321126391940881,-0.46117951414173886,0.44144061588536393,-1.6326486248743235,-1.036079722494613,-0.06793424293309923,-0.9940900297146685,0.3331891114113225,0.45796218823305535,1.4224616035891016,-1.023126751846036,-0.37217577471739505,-1.4713066926020064,-0.15671296585411776,-1.3541281524668387,0.398258445327743,0.0031484626052172586
-1.6528045348100857,-0.012845245624624281,1.3128775766619205,0.0008485076377269405,0.03405924671092249,0.023452580707204202,1.0670436882537977,0.16032135246833212,1.4104287495036547,-0.1639845987559332,0.25129355468348696,0.3000488523568989,-1.4399293393721575,1.4206903483304354,-0.9919297937251437,0.5345325788886583,0.9530997650582249,0.9254283793614341,-0.04782982176622549,-1.2231777221268842
0.9928147787866072,-0.012845245624624281,1.3128775766619205,1.3228234072163352,0.03405924671092249,0.054801683345566184,0.19651173155168555,-0.36237814630188664,-0.47217412367752415,0.3433020534966273,0.3195398519566833,-1.6475489567823647,0.40961557761819445,-1.0921611332069534,0.947300523815231,-0.7143862127942084,-0.15671296585411776,-0.7852846876436368,0.5393170173190677,0.0031484626052172586
0.9928147787866072,1.237960547073171,0.4204415974126744,0.0008485076377269405,0.9332161458476693,-0.17509173600242167,1.631556421827604,1.5716099991479227,0.11686113112149502,-1.501376681967229,-0.9361920178701288,0.8001077492980612,-1.6601132580614852,-0.8436373603076511,-1.031913923983708,1.1400689627348968,-0.15671296585411776,0.3649502596091615,0.6840770773199473,1.2294746473373186
-0.7709314302778547,-1.2636510383224195,0.4204415974126744,-0.6601389421515771,-0.6894810705631785,-1.439505542416355,-1.2025988832811363,-0.9547709115748012,-0.04483482117627496,0.04354175898375066,0.6471220788680255,-0.33160449114772717,0.7178730637832531,-1.202616143384421,1.0872449797202064,1.423914142662821,-0.15671296585411776,-0.30427734606519385,-0.24593804620087203,1.2294746473373186
1.4337513310527226,-1.2636510383224195,0.4204415974126744,0.6618359574270309,1.0139997735044866,1.1624699765676896,1.2362815919535424,1.2812213887200234,0.04756286585102217,-0.2331600513358278,1.1794431975989568,-0.17369115527157064,-1.7481868255372162,0.8131877923543633,-1.511723487086481,-0.5630021168326489,0.9530997650582249,0.8710536364003927,0.5855391989559353,-1.2231777221268842
-0.7709314302778547,-0.012845245624624281,1.3128775766619205,0.0008485076377269405,0.4836376962792959,0.5111052884150572,-1.7288592139639045,1.4961089604366689,-0.4259752801638756,1.5654017157414322,1.6708165379659703,-1.1738089491538952,0.057321307715270275,1.1859734517033167,-1.1918504450179657,0.6291476388646331,0.9530997650582249,1.7870589216671666,0.009984595612151592,-1.2231777221268842
0.5518782265204917,-1.2636510383224195,-1.364430361085818,0.6618359574270309,-1.2795527856216686,1.148537042061751,-1.069295055024488,0.39263224081065157,-0.9341625588140098,-0.3253939881090206,1.1521446786896783,-0.17369115527157064,1.7307190897541602,-0.0014179077044604433,0.6074354166174334,-0.6386941648134287,-1.2665256967664604,0.36076758707369677,-1.3984399947527746,1.2294746473373186
0.11094167425437625,-0.012845245624624281,0.4204415974126744,0.6618359574270309,0.03405924671092249,0.347393307970278,-0.8108015445789873,1.5541866825222488,-1.4885486809777926,-0.6482127668151955,1.288637273236071,0.3000488523568989,0.9380569824725807,-0.9264786179407518,0.4275068304538935,-1.2442305486596672,2.0629124959705676,0.5280744884922856,0.08854902838806016,-1.2231777221268842
1.4337513310527226,-0.012845245624624281,-1.364430361085818,-1.321126391940881,0.42392805844599635,-0.5025156968919802,-1.5202097436491506,1.2986447053456973,1.6645223888287217,-0.09480914617603857,-0.36292312077527983,0.9843399744869104,0.40961557761819445,1.1169390703423994,1.1672132402373354,0.23176438696553908,0.9530997650582249,2.2387875554973564,-0.17236052733909235,-1.2231777221268842
0.11094167425437625,-0.012845245624624281,-1.364430361085818,0.0008485076377269405,-0.20126697298502297,-0.4850995287595568,-0.7864591063755995,1.048910500377704,0.0822119984862586,-1.063265482294563,-0.5130649747763117,1.326485535551916,0.18943165892886685,-1.6996636891830252,-0.6720567516566283,-0.6386941648134287,0.9530997650582249,-0.1327877721111403,0.1386835543708856,1.2294746473373186
-1.2118679825439702,1.237960547073171,-1.364430361085818,0.6618359574270309,-0.580598789808338,-0.38060251996501687,-0.5569446890293701,-0.40303255176179253,1.6991715214639582,0.4816529586564165,-0.03534089386393756,1.6686310966169218,-0.7793775833041747,-1.3821055349228057,0.7673719376516911,0.26961041095592897,-1.2665256967664604,0.39422896735741453,-0.42231968004153325,1.2294746473373186
0.11094167425437625,1.237960547073171,-0.47199438183657183,1.3228234072163352,0.7435502374360118,0.4936891202826339,0.8583942179390437,-1.2625828386283744,-0.056384532054687096,-1.6858445555136146,-1.5367594338742565,0.24741107373151336,0.6738362800453876,1.4206903483304354,-1.3317949009229413,-1.1685385006788873,0.9530997650582249,-1.70965531798134,1.184222117207912,0.0031484626052172586
0.5518782265204917,1.237960547073171,-1.364430361085818,-1.321126391940881,0.03405924671092249,-1.4325390751633855,0.31706475884465446,1.03148718375203,0.012913733215785749,1.1272905160687663,0.8382117112329752,-0.9106200560269677,-0.5151568808769815,-0.26374855687594606,0.8473401981688199,-0.2034648889239448,-1.2665256967664604,1.0676392455672346,-0.09663909445302254,-1.2231777221268842
-0.7709314302778547,-0.012845245624624281,-1.364430361085818,1.3228234072163352,0.12537986927949835,1.2356178827238675,1.071680343149681,-1.7272046153130134,-0.8071157391514762,1.5884601999347303,0.14209947904637285,-0.6211122735873474,0.2775052264045979,-0.4570448246865144,-0.1522630582952907,-1.6226907885635662,-1.2665256967664604,-1.8058567862970287,0.9379831740031338,0.0031484626052172586
0.11094167425437625,-0.012845245624624281,-1.364430361085818,0.0008485076377269405,1.4108932485140662,0.5842531945712351,0.6045373623894265,-0.22879938550505297,0.9137911817319327,0.527769927043013,1.0156520841432857,1.1948910889884523,0.057321307715270275,0.1366508550173741,0.18760204890250692,0.17499535097995422,-1.2665256967664604,0.8877843265422516,0.7617147904598519,-1.2231777221268842
0.9928147787866072,1.237960547073171,0.4204415974126744,-0.6601389421515771,0.03405924671092249,0.047835216092596854,0.2289683158228695,-0.9547709115748012,1.3988790386252425,1.33481687380845,0.9064580085061715,-0.12105337664618515,0.6297994963075221,0.9512565550761979,0.7473798725224089,-1.1685385006788873,-1.2665256967664604,0.565718541311468,0.07562892679449632,-1.2231777221268842
0.11094167425437625,-1.2636510383224195,0.4204415974126744,-1.321126391940881,1.1439560440828445,0.047835216092596854,-0.9510603551794609,1.548378910313691,-1.1651567763822526,1.5884601999347303,-0.3492738613206406,-1.1211711705285097,-0.9555247182556368,1.0340978127092986,-0.9919297937251437,1.045453902758922,-1.2665256967664604,0.942159069503293,0.6292457878462364,-1.2231777221268842
0.5518782265204917,-1.2636510383224195,1.3128775766619205,-1.321126391940881,1.12639438589658,1.1589867429412049,-1.7103125943803708,-1.094157444580193,0.5442004336227442,-0.07175066198274035,-0.5403634936855902,-1.1738089491538952,0.057321307715270275,-0.09806604160974462,-0.9919297937251437,-0.14669585293835993,-1.2665256967664604,-1.2202826313319677,1.1910097678702936,0.0031484626052172586
-1.6528045348100857,-0.012845245624624281,-1.364430361085818,-0.6601389421515771,-0.6122097745436144,0.5738034936917812,0.36922712642334293,1.3102602497628133,0.036013154972610026,-1.4783181977739308,-0.8542964611422933,-1.6738678460950573,0.7619098475211187,-0.23613480433157916,0.36753063506604683,0.6669936628550229,2.0629124959705676,0.3858636222864851,-0.45368798553631057,1.2294746473373186
0.9928147787866072,-0.012845245624624281,-1.364430361085818,-0.6601389421515771,0.03405924671092249,0.10356695411635149,-0.654314441842922,-0.08941285249966129,0.10531142024308288,0.527769927043013,0.3195398519566833,1.4054422034899943,-0.2949729621876539,-0.42943107214214754,1.5870466079522618,-0.525156092842259,-1.2665256967664604,0.4486037103184559,0.11582479841891738,-1.2231777221268842
-0.3299948780117392,-1.2636510383224195,-1.364430361085818,0.0008485076377269405,0.9683394622201985,-1.3001761973569683,-0.9046938062206266,-1.3845460550080921,-0.47217412367752415,1.3578753580017482,1.657167278511331,-0.33160449114772717,-0.2949729621876539,0.2885264940113921,-0.07229479777816183,0.5156095668934634,2.0629124959705676,-0.3084600186006586,0.8845154587126779,1.2294746473373186
-0.7709314302778547,-0.012845245624624281,1.3128775766619205,-0.6601389421515771,-0.8931963055238478,1.4620280684453706,0.5917865614257471,1.1360270835060737,-0.3104781713797542,-1.501376681967229,-0.03534089386393756,0.03685995922997135,-1.6601132580614852,0.15045773128955756,0.6474195468759978,0.061457279008784525,-1.2665256967664604,0.46533440046031477,-0.8359072921616958,-1.2231777221268842
0.5518782265204917,1.237960547073171,-1.364430361085818,0.0008485076377269405,0.6452049515929301,1.075389135905573,-0.18369396991075485,0.9792172338750081,-1.0034608240844827,-0.11786763036933677,1.3432343110546279,0.0631788485426641,0.7619098475211187,0.8269946686265468,-0.5920884911394994,-1.641613800558761,-0.15671296585411776,0.5782665589178623,0.4735981026241567,-1.2231777221268842
0.11094167425437625,-0.012845245624624281,1.3128775766619205,-0.6601389421515771,1.2528383248376849,-0.021829456437096436,0.3912512371787892,-1.2800061552540485,0.9484403143671691,0.18189266414353988,-1.2228264664175534,-1.3580411743427445,-0.11882582723619182,-0.22232792805939572,-0.652064686527346,-0.18454187692874985,-0.15671296585411776,-1.3917722052860213,1.2785359438125736,0.0031484626052172586
0.11094167425437625,-1.2636510383224195,0.4204415974126744,0.6618359574270309,-0.5595247999848205,0.9395430244726709,-0.32627110795917,1.2870291609285816,-1.2691041742879619,1.4962262631615375,0.42873392759379736,0.7737888599853684,0.9820937662104463,-0.8022167314911007,1.1472211751080532,-0.6954632007990135,-0.15671296585411776,0.9296110518968989,-0.6193021383220189,-1.2231777221268842
0.11094167425437625,1.237960547073171,1.3128775766619205,-1.321126391940881,1.3617206055925253,0.2080639629108914,-0.9209220983562186,1.1766814889659798,-0.3451273040149906,0.988939610908977,1.1657939381443174,1.036977753112296,-1.2637822044206954,-0.746989226402367,-1.131874249630119,1.5374522146339906,-1.2665256967664604,1.1805714040247821,0.6673903791856978,-1.2231777221268842
1.4337513310527226,-1.2636510383224195,-1.364430361085818,1.3228234072163352,1.4881645445336302,0.12446635587525948,0.19883005899962727,0.7352908011155728,-0.5299226780695848,-0.07175066198274035,1.138495419235039,0.6421944134219046,-0.9995615019935024,-0.6917617213136331,-1.4317552265693523,-0.7333092247894034,-1.2665256967664604,0.00942309409466021,1.008641994272964,1.2294746473373186
0.9928147787866072,-0.012845245624624281,1.3128775766619205,0.0008485076377269405,1.0947834011613036,0.6922334369922598,-1.1550731705983313,0.5436343182331592,1.687621810585546,1.7037526209012213,-1.3320205420546676,-0.8053444987761966,1.1582409011619084,0.39898150418885975,-0.3121995793295484,0.40207149492229366,-1.2665256967664604,1.0299951927480522,0.582541374552257,-1.2231777221268842
0.11094167425437625,-1.2636510383224195,0.4204415974126744,1.3228234072163352,0.8980928294751402,-0.021829456437096436,-1.0901600020559634,0.47974882393902135,0.9830894470024055,0.4355359902698201,1.657167278511331,0.1684544057934351,0.18943165892886685,-0.05664541279319426,-0.3321916444588306,0.023611255018394624,0.9530997650582249,1.2516768371276823,0.4213980267038969,-1.2231777221268842
1.4337513310527226,-1.2636510383224195,-0.47199438183657183,-0.6601389421515771,-1.0301772393767115,-1.2653438610921217,-0.5302839233780404,0.7991762954097106,0.18615939639196785,-0.14092611456263496,-0.7587516449598185,1.2475288676138379,-0.8674511507799058,-0.05664541279319426,1.6670148684693906,0.32637944694151383,2.0629124959705676,0.9045150166841105,-1.2474581940290363,-1.2231777221268842
1.4337513310527226,-0.012845245624624281,-1.364430361085818,0.0008485076377269405,-0.921294958621871,-0.41543485622986354,0.5396241938470586,-0.9780020004090332,-1.7541920311812718,-1.1324409348744577,-1.564057952783535,-0.5158367163365765,-1.4399293393721575,-0.7884098552189174,0.9073163935566666,-1.5469987405827863,-0.15671296585411776,-2.6340259483190436,0.5706116169573043,0.0031484626052172586
0.9928147787866072,1.237960547073171,1.3128775766619205,0.6618359574270309,0.5749583188478717,-0.8578055267934159,1.2768523222925223,-1.2335439775855845,1.4219784603820669,0.988939610908977,0.08750244122781581,0.45796218823305535,0.5857627125696566,0.08142334992864028,-0.5920884911394994,0.28853342295112394,-1.2665256967664604,-0.0742303566146342,0.628193639598668,1.2294746473373186
1.4337513310527226,1.237960547073171,-0.47199438183657183,0.0008485076377269405,0.012985256887404987,0.8698783519429777,0.027273827851940744,0.5552498626502752,0.8675923382182842,-0.3023355039157224,-0.2400797856835265,-0.4105611590858054,-1.572039690585754,1.351655966969518,-1.671660008120739,-0.3926950088758943,-1.2665256967664604,0.34403689693183787,0.13587506892576967,1.2294746473373186
0.11094167425437625,-0.012845245624624281,0.4204415974126744,0.0008485076377269405,-1.0688128873864935,-1.2165785903213364,-0.5244881047581862,0.5029799127732533,1.2140836645706483,1.4039923263883447,0.5379280032309115,-0.17369115527157064,0.6297994963075221,-0.029031660248827352,1.0872449797202064,0.023611255018394624,-1.2665256967664604,1.4775411540427772,-1.593405997313622,-1.2231777221268842
0.9928147787866072,-1.2636510383224195,-1.364430361085818,0.0008485076377269405,1.1755670288181206,-0.7811743870107533,1.726607847193214,-0.4959569070987203,0.6712472532852778,-1.063265482294563,1.1930924570535961,-1.305403395717359,0.5857627125696566,1.0617115652536655,0.32754650480748243,1.0643769147541169,-0.15671296585411776,0.5322571610277503,0.7509704241131824,-1.2231777221268842
0.9928147787866072,1.237960547073171,-0.47199438183657183,0.0008485076377269405,-1.4481447042098088,1.4341621994334932,-0.5244881047581862,-0.7805377453180616,0.9599900252455813,1.4039923263883447,-0.2400797856835265,-0.06841559802079965,1.290351252375505,1.020290936437115,1.0272687843323598,0.648070650859828,0.9530997650582249,0.7455734603364511,-1.9579695638319494,-1.2231777221268842
-1.6528045348100857,1.237960547073171,0.4204415974126744,1.9838108570056392,0.9648271305829457,-0.847355825913962,-0.0075010838671849015,-0.32172374084198074,-1.6271452115187381,0.2741266009167327,-0.06263941277321608,0.5632377454838263,1.2463144686376395,-0.9540923704851187,-1.4517472916986345,-1.4334606686116167,0.9530997650582249,-1.4921563461371745,1.2061239594085222,0.0031484626052172586
-0.7709314302778547,-0.012845245624624281,0.4204415974126744,1.3228234072163352,-1.4621940307588204,-0.04272885819600442,-1.3706776232569102,-0.4669180460559304,-0.4259752801638756,0.3663605376899255,-1.6732520284206491,0.14213551648074235,1.6866823060162948,1.2550078330642338,-1.1718583798886835,0.5534555908838532,0.9530997650582249,-0.496680282696571,-1.262766203625175,0.0031484626052172586
0.11094167425437625,1.237960547073171,-0.47199438183657183,-1.321126391940881,-0.35580956502415134,-0.47813306150658746,0.10493779735798803,0.49717214056469533,-1.5462972353698532,1.0350565792955735,-1.618654990602092,1.036977753112296,-1.1316718532070988,-1.1059680094791369,-1.0119218588544259,1.461760166653211,-0.15671296585411776,-0.676535201721554,0.2178015935139529,0.0031484626052172586
-1.6528045348100857,1.237960547073171,0.4204415974126744,-0.6601389421515771,-1.5710763115136608,-0.721959415360514,-1.7450875060994964,1.019871639334914,-0.27582903874451775,0.13577569575694348,-0.26737830459280504,-0.7000689415254256,1.2463144686376395,-1.7134705654552087,1.3471418264008752,1.5563752266291857,0.9530997650582249,0.6911987173754097,-2.2184018787804467,-1.2231777221268842
-0.3299948780117392,-1.2636510383224195,0.4204415974126744,0.6618359574270309,0.8594571814653581,0.7514484086424991,0.08175452287857092,0.3345545187250717,-1.5116481027346167,-0.07175066198274035,-1.5504086933288956,-1.3317222850300516,-0.5151568808769815,1.0064840601649316,0.7673719376516911,1.4428371546580159,-0.15671296585411776,-0.2708159657814761,0.8257097655544435,1.2294746473373186
0.11094167425437625,1.237960547073171,-1.364430361085818,1.3228234072163352,-0.09940935550468837,0.6051525963301432,1.4020420044813746,-0.9838097726175912,-0.13723250820357208,-0.9479730613280721,1.3568835705092672,-0.5158367163365765,0.9380569824725807,-0.4984654535030648,1.127229109978771,-1.0739234407029126,-0.15671296585411776,-0.6598045115796951,0.4058990237799737,0.0031484626052172586
-1.2118679825439702,-0.012845245624624281,-1.364430361085818,-1.321126391940881,1.621633146749241,0.6922334369922598,0.5384650301230878,-1.5645869934733898,0.47490216835227134,0.4355359902698201,0.7699654139597789,1.6949499859296147,-0.030752259760460775,-0.13948667042629498,0.3075544396782002,-0.22238790091913974,-0.15671296585411776,-0.40047881438088245,1.1537589998069282,1.2294746473373186
-0.7709314302778547,-0.012845245624624281,0.4204415974126744,0.6618359574270309,1.3827945954160428,1.0614562013996343,0.7332045357501914,0.2880923410566078,-0.7724666065162398,0.3202435693033291,-0.0899379316824946,-0.5421556056492691,-0.6032304483527126,-0.4018173195977806,-1.671660008120739,-0.22238790091913974,-0.15671296585411776,-0.705813909469807,1.1482877212366136,0.0031484626052172586
1.4337513310527226,-1.2636510383224195,0.4204415974126744,1.3228234072163352,0.03405924671092249,-1.74951333517349,0.4608010606170405,0.9676016894578922,-0.3104781713797542,1.6345771683213266,-1.5094609149649778,-0.06841559802079965,1.6866823060162948,1.5449522347800864,-1.131874249630119,0.7616087228309977,0.9530997650582249,0.9672551047160813,-0.06218549020351871,-1.2231777221268842
0.11094167425437625,-1.2636510383224195,-1.364430361085818,0.0008485076377269405,1.544361850729677,0.5006555875356032,-1.0971149843997885,0.39844001301920956,0.6712472532852778,-1.4552597135806327,1.2067417165082353,-0.8316633880888894,1.5986087385405636,-0.898864865396385,-1.5517076173450455,-0.5819251288278439,-0.15671296585411776,-0.07004768407916949,1.0481173042753524,1.2294746473373186
0.9928147787866072,1.237960547073171,-1.364430361085818,-1.321126391940881,0.6346679566811714,-0.22734024039969164,-0.34365856381873283,0.9385628284151023,-1.3037533069231984,-0.9710315455213703,-1.0863338718711608,0.010541069917278602,1.290351252375505,-1.202616143384421,0.007673462738967013,0.6291476388646331,-0.15671296585411776,-0.4046614869163472,0.7569745304541249,1.2294746473373186
1.4337513310527226,-0.012845245624624281,0.4204415974126744,0.6618359574270309,0.5573966606616072,-0.9866851709733485,-0.5221697773102445,1.4496467827682051,1.0061888687592297,-0.1639845987559332,-1.5231101744196172,0.9580210851742176,-0.383046529663385,-0.04283853652101081,-1.4717393568279167,1.3103760706916514,-0.15671296585411776,0.9965338124643344,0.2976900527981364,-1.2231777221268842
-1.6528045348100857,-0.012845245624624281,-0.47199438183657183,0.0008485076377269405,-0.4717165090534976,1.4306789658070087,1.0890677990092439,0.613327584735855,-1.130507643747016,1.0119980951022751,-0.36292312077527983,-1.5949111781569791,0.01328452397740475,-0.6641479687692662,0.24757824429035358,1.6509902866051605,0.9530997650582249,0.0679805095911663,-0.17748127515396026,1.2294746473373186
-0.7709314302778547,-1.2636510383224195,-1.364430361085818,1.3228234072163352,1.3265972892199962,1.4132627976745853,0.23244580699478207,0.9385628284151023,0.16305997463514357,1.2886999054218535,-0.15818422895569093,1.6949499859296147,0.1013580914531358,-1.5615949264611908,-0.4521440352345239,1.6320672746099654,0.9530997650582249,0.9923511399288696,0.6993385649054162,-1.2231777221268842
-1.6528045348100857,1.237960547073171,1.3128775766619205,0.6618359574270309,-0.8053880145925247,0.8106633802927383,1.2664198487767846,-0.43207141280458244,0.18615939639196785,-0.2101015671425296,-1.0180875745979645,-0.779025609463504,-0.0747890434983263,0.026195844839906463,-0.9719377285958614,0.5345325788886583,-1.2665256967664604,-0.8020153777854957,-0.15285306084704514,0.0031484626052172586
-1.2118679825439702,-1.2636510383224195,-0.47199438183657183,-1.321126391940881,0.5468596657498485,1.228651415470898,0.8027543591884427,-0.44368695722169843,-0.21808048435245705,-1.731961523900211,1.3295850515999887,-1.7001867354077502,0.7619098475211187,-0.719375473858,1.6870069335986728,-0.08992681695277509,0.9530997650582249,-0.3879307967744883,0.7073466983612904,1.2294746473373186
-1.2118679825439702,-1.2636510383224195,0.4204415974126744,0.6618359574270309,-0.9985662546414352,0.5354879238004498,1.6651721698227588,-1.3032372440882805,1.029288290516054,-1.1554994190677559,1.397831348873185,-1.094852281215817,-0.471120097139116,-0.9678992467573022,-0.41215990497595945,-0.9603853687317429,0.9530997650582249,-1.1575425432999968,-0.2068500576841117,0.0031484626052172586
-1.6528045348100857,-0.012845245624624281,1.3128775766619205,-1.321126391940881,0.06918256308345166,0.7479651750160144,-1.7439283423755256,1.2579902998857915,-0.541472388947997,-1.0171485139079668,0.2785920735927655,-0.9632578346523532,0.01328452397740475,-0.24994168060376262,0.34753856993676463,-0.7143862127942084,-1.2665256967664604,0.29802749904172593,0.19334540798030073,1.2294746473373186
0.11094167425437625,-1.2636510383224195,0.4204415974126744,0.0008485076377269405,-0.7316290502102135,-1.4116396734044776,0.38429625483496405,0.43328664627055746,-0.6685192086105305,-0.8787976087481775,-1.7141998067845667,-0.3579233804604199,-0.5151568808769815,-0.20852105178721225,1.4670942171765686,-0.9414623567365479,0.9530997650582249,-0.6849005467924835,-0.1260540712337717,0.0031484626052172586
0.9928147787866072,-0.012845245624624281,-1.364430361085818,-0.6601389421515771,-0.4084945395829451,1.563041843613426,-0.50246399400274,1.0024483227092402,0.6596975424068656,1.657635652514625,0.3331891114113225,0.1684544057934351,1.0261305499483118,0.6475052770881619,1.427110086918004,-0.127772840943165,-1.2665256967664604,1.9543658230857555,-0.8547835416497908,-1.2231777221268842
1.4337513310527226,1.237960547073171,1.3128775766619205,-1.321126391940881,-1.52190366859212,0.8698783519429777,0.6103331810092808,0.5494420904417172,0.44025303571703495,1.0581150634888716,1.452428386691742,0.11581662716804961,-1.4839661231100232,0.8408015448987303,-0.8120012075616037,0.21284137497034414,-1.2665256967664604,1.2014847667021056,-2.404717542447462,-1.2231777221268842
-1.6528045348100857,-1.2636510383224195,0.4204415974126744,-0.6601389421515771,0.3326074358774205,0.7061663714981984,0.27417570105773287,0.17774466909400607,0.10531142024308288,-0.1639845987559332,0.2785920735927655,0.3263677416695916,0.8499834149968497,0.06761647365645683,-1.6516679429914567,-1.0550004287077175,0.9530997650582249,-0.20389320521404056,0.5315083061915175,1.2294746473373186
0.5518782265204917,-1.2636510383224195,-1.364430361085818,0.6618359574270309,1.1720546971808679,-1.5231031494519869,0.5384650301230878,0.636558673570087,1.6760720997071339,-0.5559788300420027,0.49698022486699367,-1.6738678460950573,-0.9555247182556368,-0.2775554331481295,0.04765759299753144,-1.1306924766884974,-0.15671296585411776,0.43605569271206174,0.7745336904468653,1.2294746473373186
0.11094167425437625,-0.012845245624624281,0.4204415974126744,0.0008485076377269405,0.7575995639850235,-0.8752216949258392,-0.6427228046032134,-0.5946890346442061,0.24390795078402855,-0.2331600513358278,-1.2637742447814713,-0.779025609463504,-1.6160764743236196,1.655407244957554,-1.671660008120739,-1.300999584645252,-0.15671296585411776,-1.1826385785127853,1.038894278936872,0.0031484626052172586
0.11094167425437625,-0.012845245624624281,-1.364430361085818,0.0008485076377269405,-0.33473557520063385,-0.10542706347272839,-0.8733963856734135,0.09062808596563629,-0.29892846050134203,-1.040206998101265,-0.04899015331857682,-0.38424226977311265,1.2463144686376395,0.10903710247300719,-1.59169174760361,-1.2253075366644721,-1.2665256967664604,-0.7601886524308484,0.2668774696623498,0.0031484626052172586
0.11094167425437625,-1.2636510383224195,-1.364430361085818,0.6618359574270309,-1.6307859493469603,1.385396928662708,-1.1133432765353806,-0.07779730808254531,-1.707993187667623,0.4585944744631183,-0.15818422895569093,1.2738477569265305,0.49768914509392553,-0.9264786179407518,1.3671338915301574,-0.18454187692874985,-1.2665256967664604,-0.42557484959367076,-1.663457026193382,0.0031484626052172586
-0.3299948780117392,-0.012845245624624281,-0.47199438183657183,1.3228234072163352,-0.9107579637101123,-1.7320971670410668,0.37965959993908066,-0.629535667895554,1.4104287495036547,-1.6627860713203164,1.083898381416482,-0.779025609463504,-0.8234143670420402,-1.754891194271759,0.22758617916107135,-1.3766916326260317,-1.2665256967664604,-0.9023995186366489,-0.2247912599745835,0.0031484626052172586
0.11094167425437625,1.237960547073171,-0.47199438183657183,0.0008485076377269405,1.4038685852395603,0.24289629917573807,0.7332045357501914,0.7701374343669206,-0.9803614023276583,-0.5329203458487044,1.3705328299639064,-0.7263878308381184,-0.5591936646148471,1.1445528228867663,-0.5720964260102172,1.6699132986003553,-1.2665256967664604,0.9505244145742224,0.7431472898773115,-1.2231777221268842
0.5518782265204917,-0.012845245624624281,1.3128775766619205,0.6618359574270309,1.1439560440828445,-1.4743378786812016,1.295398941876056,0.5610576348588332,-1.534747524491441,-0.0025752094028457496,1.5752717217834955,1.4580799821153798,-0.5591936646148471,-1.5892086790055577,-1.59169174760361,-0.6386941648134287,0.9530997650582249,-0.4464882122709944,0.9939608234195494,0.0031484626052172586
-0.7709314302778547,1.237960547073171,-0.47199438183657183,1.3228234072163352,0.8243338650928289,-1.477821112307686,0.26722071871390773,-1.3787382827995343,1.6991715214639582,-1.3169088084208433,0.18304725741029065,-1.5949111781569791,0.45365236135606,0.9512565550761979,0.34753856993676463,0.9886848667733371,0.9530997650582249,-0.1913451876076464,0.7871553362008317,1.2294746473373186
1.4337513310527226,-1.2636510383224195,-0.47199438183657183,1.9838108570056392,0.23426215003433878,-0.3179043146882929,0.896646620830082,-1.1580429388743307,-1.130507643747016,1.4039923263883447,-0.8269979422330148,-1.4106789529681298,-1.2637822044206954,-0.9540923704851187,0.5274671561003046,1.7456053465811352,0.9530997650582249,-1.3792241876796272,0.8539016150588731,0.0031484626052172586
0.5518782265204917,1.237960547073171,-1.364430361085818,-0.6601389421515771,-0.7210920552984548,-1.4987205140665942,-0.05502679654998995,-1.489085954762136,-1.3961509939504955,0.9197641583290824,-0.15818422895569093,-0.7000689415254256,1.7307190897541602,-0.5813067111361655,1.1872053053666176,0.061457279008784525,-1.2665256967664604,-1.3206667721831211,0.16068846407509627,0.0031484626052172586
0.5518782265204917,1.237960547073171,-0.47199438183657183,-1.321126391940881,0.22723748675983296,1.0057244633758795,-1.6836518287290412,-1.1696584832914467,-0.957261980570834,0.2510681167234345,-0.2946768235020835,-0.38424226977311265,-0.6032304483527126,0.20568523637829136,-0.5121202306223706,-1.3199225966404469,0.9530997650582249,-1.6887419553040164,0.9510600808530277,0.0031484626052172586
-0.7709314302778547,-0.012845245624624281,0.4204415974126744,1.3228234072163352,-1.5429776584156374,1.5943909462517878,0.5407833575710295,0.4216711018534415,-1.696443476789211,-0.9018560929414757,-1.2637742447814713,-1.6475489567823647,0.36557879388032893,-1.2854574010175217,-1.511723487086481,1.2157610107156764,0.9530997650582249,-1.5256177264208923,-0.7997061030280939,0.0031484626052172586
1.4337513310527226,-0.012845245624624281,1.3128775766619205,0.6618359574270309,-0.5560124683475677,0.5842531945712351,1.1180468921085152,-0.7398833398581557,0.9830894470024055,-1.6397275871270183,1.1930924570535961,-1.2001278384665879,0.01328452397740475,1.1721665754311332,1.3071576961423108,1.6699132986003553,-1.2665256967664604,0.6995640624463392,-0.5209273701412269,-1.2231777221268842
1.4337513310527226,-0.012845245624624281,0.4204415974126744,0.6618359574270309,0.8770188396516226,-0.007896521931157776,-1.2072355381770197,-1.2683906108369325,0.3825044813249742,0.15883417995024168,1.5616224623288562,1.4054422034899943,-0.5151568808769815,-0.30516918569249646,0.947300523815231,-1.263153560654862,-0.15671296585411776,-0.26663329324601137,0.8325343710697656,1.2294746473373186
0.11094167425437625,-0.012845245624624281,1.3128775766619205,-1.321126391940881,-1.1987691579648516,-0.08801089534030505,1.1099327460407193,-0.1649138912109151,-0.8417648717867127,0.6200038638162058,-0.40387089913919766,1.2738477569265305,-0.0747890434983263,-1.5201742976446404,0.3075544396782002,0.9697618547781421,0.9530997650582249,-0.42139217705820603,-0.8471424463229197,1.2294746473373186
0.11094167425437625,-0.012845245624624281,-0.47199438183657183,0.6618359574270309,0.6733036046909535,0.07918431873095884,-0.5754913086129038,1.1302193112975158,1.6991715214639582,-1.6627860713203164,-0.7724009044144577,0.8527455279234466,1.2463144686376395,1.475917853419169,0.08764172325609586,-0.05208079296238518,-0.15671296585411776,1.598838657571254,0.1916374150853687,-1.2231777221268842
1.4337513310527226,-0.012845245624624281,0.4204415974126744,0.0008485076377269405,-0.4646918457789918,-1.0041013391057718,-0.08748338082117389,0.601712040318739,-1.0034608240844827,-0.09480914617603857,-1.3866175798732245,1.6686310966169218,0.40961557761819445,-0.7884098552189174,0.2675703094196358,-0.6954632007990135,2.0629124959705676,-0.4046614869163472,0.01750786917540092,1.2294746473373186
-0.3299948780117392,1.237960547073171,-1.364430361085818,-0.6601389421515771,1.1334190491710856,-1.7425468679205207,-1.6291711337024108,0.3287467465165137,-0.1718816408388085,-1.1554994190677559,1.5343239434195777,0.5895566347965191,-0.8234143670420402,-0.09806604160974462,-0.5121202306223706,-1.2063845246692773,-1.2665256967664604,0.0470671469138427,0.8598866828943322,1.2294746473373186
0.9928147787866072,-1.2636510383224195,1.3128775766619205,-1.321126391940881,1.1720546971808679,-1.5823181211022261,-1.5526663279203345,0.8514462452867325,0.9484403143671691,-1.501376681967229,0.305890592502044,-0.2000100445842634,-0.6472672320905781,-1.050740504390403,1.607038673081544,0.32637944694151383,-0.15671296585411776,0.7748521680847041,0.6860777511763058,-1.2231777221268842
-0.3299948780117392,1.237960547073171,1.3128775766619205,-1.321126391940881,-0.1837053147987584,-1.7355804006675513,-0.4989865028308274,-0.18814498004514704,-1.6733440550323868,-1.5936106187404218,-0.6495575693227044,-1.5422733995315936,0.2775052264045979,1.3102353381529677,-1.0119218588544259,0.8183777588165826,-0.15671296585411776,-1.0822544376616319,0.4994592750751945,0.0031484626052172586
0.5518782265204917,-0.012845245624624281,-0.47199438183657183,-1.321126391940881,-1.7958655362978475,-0.3875689872179862,-0.9035346424966557,-0.5540346291843001,0.8444929164614599,0.7122378005893986,1.0156520841432857,1.4054422034899943,-0.6472672320905781,0.3713677516444928,-1.691652073250021,-0.9225393447413529,0.9530997650582249,0.06379783705570158,-2.4205538795781947,1.2294746473373186
-1.2118679825439702,-1.2636510383224195,-0.47199438183657183,1.3228234072163352,0.03405924671092249,0.1523322248871368,-1.421680827111628,-0.28106933538207485,-0.8186654500298883,-0.3945694406889152,1.5206746839649383,1.642312207304229,-0.9555247182556368,-1.175002390840054,1.3471418264008752,0.3831484829270987,0.9530997650582249,0.07634585466209574,0.24359024751082717,1.2294746473373186
0.5518782265204917,-1.2636510383224195,-0.47199438183657183,-0.6601389421515771,1.6427071365727588,-1.4952372804401095,1.0542928872901183,-0.9141165061148954,-1.6271452115187381,1.5654017157414322,-0.25372904513816574,-1.6738678460950573,0.18943165892886685,1.103132194070216,1.0672529145909242,-0.41161802087108923,-1.2665256967664604,-0.8229287404628193,1.2609826441428467,0.0031484626052172586
0.9928147787866072,1.237960547073171,1.3128775766619205,0.0008485076377269405,-1.778303878111583,-1.2130953566948517,-1.7033576120365457,-1.1406196222486569,1.2487327972058848,-0.9479730613280721,-0.25372904513816574,1.2475288676138379,-0.471120097139116,-1.0093198755738526,0.8873243284273844,-0.16561886493355488,-1.2665256967664604,-0.6221604587605126,-1.8974543614421628,0.0031484626052172586
0.11094167425437625,-0.012845245624624281,-1.364430361085818,0.6618359574270309,-1.6834709239057541,-1.4360223087898702,1.0021305197114296,-1.7039735264787814,0.12841084199990715,-1.063265482294563,1.5206746839649383,-0.6737500522127329,-0.7353407995663092,-0.8850579891242015,1.2071973704958998,-1.4145376566164216,-0.15671296585411776,-1.412685567963345,-1.1437112998772896,0.0031484626052172586
0.5518782265204917,1.237960547073171,1.3128775766619205,1.3228234072163352,-1.816939526121365,-1.2130953566948517,0.13739438162917197,-0.03714290262263941,1.2487327972058848,-0.09480914617603857,-0.5540127531402296,1.4843988714280727,0.01328452397740475,-1.1335817620235036,0.48748302584174014,-0.6765401888038186,2.0629124959705676,0.08471119973302518,-2.4981797454632884,1.2294746473373186
0.9928147787866072,-1.2636510383224195,1.3128775766619205,0.6618359574270309,-0.7667523665827427,0.1592986921401061,-1.5793270935716641,0.1254747192169842,-0.460624412799112,-0.6943297352017919,-0.5676620125948688,0.4842810775457481,0.45365236135606,1.2412009567920503,-1.2118425101472479,0.28853342295112394,-1.2665256967664604,-0.07004768407916949,-0.43424432046561623,1.2294746473373186
-1.2118679825439702,-1.2636510383224195,1.3128775766619205,1.3228234072163352,1.6391948049355058,-0.680160611842698,-0.12457661998824125,1.048910500377704,0.45180274659544706,-1.2938503242275452,-1.7141998067845667,-0.2526478232096489,0.01328452397740475,-0.9955129993016691,1.327149761271593,1.0643769147541169,-0.15671296585411776,0.33148887932544374,0.9854635815823332,1.2294746473373186
-1.6528045348100857,1.237960547073171,0.4204415974126744,0.6618359574270309,0.03405924671092249,-0.41543485622986354,1.4356577524765295,1.6993809877361985,0.11686113112149502,1.5654017157414322,0.9474057868700894,-1.3843600636554372,-1.6160764743236196,-0.3465898145090468,-0.09228686290744405,0.23176438696553908,-0.15671296585411776,1.3938877033334829,-0.20861330826390959,-1.2231777221268842
-0.3299948780117392,-0.012845245624624281,-1.364430361085818,-1.321126391940881,-1.732643566827295,1.2007855464590207,-0.051549305378077385,-0.11264394133389323,1.5836744126798368,1.5884601999347303,0.11480096013709433,1.115934421050374,0.23346844266673236,0.15045773128955756,1.0672529145909242,1.6131442626147705,-0.15671296585411776,1.6406653829259015,-3.2981383904008617,-1.2231777221268842
0.5518782265204917,-1.2636510383224195,-0.47199438183657183,0.6618359574270309,0.10079354781872793,-0.10542706347272839,1.6964695903699718,-0.22879938550505297,-1.5809463680050897,0.8505887057491878,-1.7005505473299276,0.6685133027345974,-1.7041500417993507,0.3437539991001259,-0.5720964260102172,-0.8468472967605731,0.9530997650582249,-1.3624934975377683,0.7757777305959584,0.0031484626052172586
-0.3299948780117392,-0.012845245624624281,-1.364430361085818,-1.321126391940881,0.905117492749646,-0.0009300546781884476,-1.092478329503905,-1.0999652167887508,1.2371830863274726,-1.0171485139079668,-0.43116941804847614,-0.9632578346523532,0.45365236135606,1.0340978127092986,-0.41215990497595945,0.6102246268694381,-0.15671296585411776,-0.4088441594518119,0.8845315280250696,1.2294746473373186
-1.2118679825439702,-1.2636510383224195,1.3128775766619205,1.3228234072163352,0.03405924671092249,1.1346041075558122,-0.7227051015572024,-0.06618176366542934,-1.4077007048289074,0.5047114428497147,0.56522652214019,-1.2264467277792808,-0.9555247182556368,1.5863728635966368,1.0672529145909242,-0.14669585293835993,-1.2665256967664604,0.09307654480395462,0.2378479801359098,1.2294746473373186
0.5518782265204917,-1.2636510383224195,-0.47199438183657183,1.9838108570056392,-1.813427194484112,0.9360597908461863,-0.4363916617364012,1.7109965321533145,-0.18343135171722064,-1.2938503242275452,0.305890592502044,0.6948321920472901,-0.0747890434983263,-1.5892086790055577,1.607038673081544,1.6509902866051605,2.0629124959705676,1.347878305443371,-3.3735653730996487,-1.2231777221268842
1.4337513310527226,-1.2636510383224195,1.3128775766619205,1.3228234072163352,0.35368142570093797,1.002241229749395,-1.149277351978477,-1.7155890708958974,1.2718322189627091,-0.5559788300420027,-0.0899379316824946,-0.6474311629000402,-1.307818988158561,-0.12567979415411154,-0.27221544907098394,0.3074564349463189,0.9530997650582249,-1.1575425432999968,0.844682958967407,0.0031484626052172586
0.11094167425437625,-0.012845245624624281,0.4204415974126744,-1.321126391940881,-1.2479418008863923,-0.36666958545907824,-1.0009043953102075,1.536763365896575,-1.1767064872606647,-1.731961523900211,0.7563161545051397,0.8790644172361394,0.6738362800453876,0.06761647365645683,1.327149761271593,0.7616087228309977,0.9530997650582249,1.2684075272695412,-1.8233777515390541,-1.2231777221268842
-1.2118679825439702,-0.012845245624624281,-1.364430361085818,0.6618359574270309,-1.809914862846859,-0.742858817119422,1.5678024170092069,0.7701374343669206,1.5490252800446005,1.2886999054218535,1.0020028246886463,0.22109218441882061,1.378424819851236,-0.8850579891242015,-0.6720567516566283,1.1968379987204816,2.0629124959705676,1.6783094357450838,-3.592542843129155,-1.2231777221268842
-0.7709314302778547,-0.012845245624624281,1.3128775766619205,-1.321126391940881,-0.6473330909161435,0.3961585787410633,-0.22890135514561818,-0.6876133899811339,0.5557501445011563,0.8044717373625914,0.22399503577420843,0.1684544057934351,-0.6032304483527126,-0.4708517009586979,0.10763378838537807,-1.0360774167125226,-1.2665256967664604,-0.4590362298773885,-0.13598667657887617,0.0031484626052172586
1.4337513310527226,1.237960547073171,-0.47199438183657183,-0.6601389421515771,-0.6578700858279023,-0.33532048282071625,0.062048739571066394,-1.0302719502860551,0.8906917599751084,-1.731961523900211,0.9337565274154501,0.7211510813599828,1.290351252375505,-0.6227273399527159,0.4474988955831757,0.8940698067973624,-1.2665256967664604,-0.10769173689835197,-0.2958640623627432,1.2294746473373186
0.5518782265204917,1.237960547073171,-0.47199438183657183,-1.321126391940881,-0.15911899333798796,-1.0284839744911645,-0.6450411320511551,0.3868244686020936,-1.4077007048289074,0.20495114833683808,1.452428386691742,-0.5158367163365765,1.378424819851236,-0.6917617213136331,0.7273878073931267,-0.5440791048374539,-0.15671296585411776,0.12235525255220768,0.07960434266943904,1.2294746473373186
-0.3299948780117392,-1.2636510383224195,0.4204415974126744,-0.6601389421515771,-0.21531629953403464,-0.8647719940463853,-1.516732252477238,-1.3845460550080921,1.2371830863274726,0.6430623480095039,0.5925250410494685,-1.5422733995315936,1.2463144686376395,-0.4570448246865144,0.9273084586859488,0.4966865548982684,-1.2665256967664604,-0.21225855028497,0.15664938544935125,1.2294746473373186
0.11094167425437625,-1.2636510383224195,1.3128775766619205,0.6618359574270309,0.4028540686224788,-0.8543222931669312,0.2834490108494997,-0.4262636405960245,0.9484403143671691,0.988939610908977,-1.0863338718711608,0.7474699706726756,0.01328452397740475,0.6336984008159784,-1.41176316144007,-0.8657703087557681,-1.2665256967664604,-0.2917293284587997,0.5998068713290721,1.2294746473373186
0.11094167425437625,1.237960547073171,0.4204415974126744,0.6618359574270309,-1.6553722708077308,-0.71150971448106,1.623442275759808,-1.7039735264787814,0.19770910727038,-1.3630257768074396,-0.8133486827783755,-0.6211122735873474,0.6738362800453876,1.3930765957860685,0.34753856993676463,-1.4713066926020064,-0.15671296585411776,-1.517252381349963,-1.018110885824313,0.0031484626052172586
-1.6528045348100857,-1.2636510383224195,-1.364430361085818,0.0008485076377269405,-0.29961225882810466,1.4341621994334932,-0.7041584819736687,0.1254747192169842,-1.442349837464144,-0.07175066198274035,-1.6459535095113704,-1.2001278384665879,-0.2949729621876539,-0.3465898145090468,-0.1322709931660085,0.4966865548982684,0.9530997650582249,-1.1910039235837147,0.4574436462582483,0.0031484626052172586
-1.6528045348100857,-1.2636510383224195,1.3128775766619205,0.0008485076377269405,0.2799224613186267,0.10008372048986683,0.3773412724911389,-0.635343440104112,-0.5992209433400577,1.657635652514625,-1.3456698015093067,0.19477329510612784,-0.6913040158284437,0.012388968567723011,1.6670148684693906,-1.1874615126740822,-0.15671296585411776,-0.7309099446825954,0.6691966648535606,0.0031484626052172586
0.9928147787866072,-1.2636510383224195,0.4204415974126744,0.6618359574270309,-0.21531629953403464,0.6608843343538978,-1.516732252477238,-0.635343440104112,0.7520952294341627,1.450109294774941,-0.32197534241136205,1.7212688752423073,1.290351252375505,1.4897247296913525,-1.2118425101472479,-0.10884982894797003,-1.2665256967664604,0.5489878511696092,-0.12396725743438067,-1.2231777221268842
-0.7709314302778547,-1.2636510383224195,-0.47199438183657183,1.3228234072163352,-1.3392624234549682,-1.718164232535128,-0.47696239207538116,0.45070996289623144,-0.3104781713797542,-0.11786763036933677,-1.2364757258721926,-0.7527067201508112,-1.6160764743236196,-1.4097192874671727,0.6474195468759978,0.6669936628550229,0.9530997650582249,-0.6054297686186537,-0.9770661739368205,0.0031484626052172586
0.9928147787866072,-1.2636510383224195,-1.364430361085818,-1.321126391940881,0.03405924671092249,-1.146913917791643,0.36459047152745955,1.5890333157735967,0.4864518792306835,0.6430623480095039,-1.2364757258721926,0.5895566347965191,-1.043598285731368,-0.4708517009586979,0.06764965812681364,1.2157610107156764,-0.15671296585411776,1.1931194216311762,-0.13970609976490223,-1.2231777221268842
0.5518782265204917,-1.2636510383224195,-0.47199438183657183,0.0008485076377269405,-0.3663465599359101,1.4655113020718553,0.8525983993191895,-1.6923579820616654,-0.04483482117627496,0.7352962847826967,-0.04899015331857682,-0.4105611590858054,0.49768914509392553,1.075518441525849,-0.6320726213980637,1.5374522146339906,-0.15671296585411776,-0.601247096083189,0.18010872941901496,0.0031484626052172586
-0.3299948780117392,-0.012845245624624281,0.4204415974126744,-1.321126391940881,-0.3066369221026105,1.67798855328742,-0.10950749157662014,0.16612912467689012,0.52110101186592,-0.048692177789442154,1.3159357921453494,-1.6475489567823647,-1.7481868255372162,-0.4156241958699641,-1.4717393568279167,0.3831484829270987,-1.2665256967664604,-0.0742303566146342,0.029158412524064387,1.2294746473373186
-0.7709314302778547,-0.012845245624624281,-0.47199438183657183,0.6618359574270309,1.245813661563179,0.7514484086424991,1.0206771392949634,-1.6633191210188756,-1.3961509939504955,1.5654017157414322,-0.3765723802299191,-0.4631989377111909,-1.4399293393721575,1.1583596991589498,-1.3717790311815057,-1.2253075366644721,0.9530997650582249,-1.9522503250382939,1.4203426601664917,0.0031484626052172586
-0.3299948780117392,-1.2636510383224195,1.3128775766619205,-0.6601389421515771,-0.10994635041644713,-1.2130953566948517,-0.6902485172860184,1.2579902998857915,1.433528171260479,0.7814132531692931,-0.33562460186600135,0.8001077492980612,-0.8674511507799058,1.683020997501921,-1.131874249630119,1.2914530586964563,-0.15671296585411776,2.067297981543303,-0.5763216349786592,-1.2231777221268842
0.11094167425437625,-0.012845245624624281,-1.364430361085818,1.3228234072163352,0.8770188396516226,0.13839929038119814,-0.09675669061294073,-0.8328076951950835,0.5903992771363927,0.8044717373625914,-1.3320205420546676,0.2737299630442061,1.7307190897541602,0.19187836010610793,-0.8919694680787326,1.5374522146339906,0.9530997650582249,-0.2289892404268289,0.8220558634781351,1.2294746473373186
0.11094167425437625,-0.012845245624624281,1.3128775766619205,-0.6601389421515771,-0.3979575446711864,-0.1332929324846057,-1.333584384089843,1.014063867126356,-1.1651567763822526,1.0350565792955735,-1.5504086933288956,-1.0685333919031241,-0.5591936646148471,-0.015224783976643898,0.8673322632981022,1.499606190643601,-0.15671296585411776,0.3063928441126554,-0.20019616992327838,1.2294746473373186
-0.3299948780117392,-0.012845245624624281,1.3128775766619205,-0.6601389421515771,-0.7421660451219723,0.9116771554607936,-0.49782733910685656,-1.1464273944572148,-0.7724666065162398,1.1734074844553626,0.5515772626855507,-0.38424226977311265,0.9380569824725807,0.23329898892265827,1.5670545428229796,-0.3170029608951145,-1.2665256967664604,-0.3670174340971647,-0.276015744595448,1.2294746473373186
-1.6528045348100857,-0.012845245624624281,0.4204415974126744,0.0008485076377269405,-0.5314261468867972,-0.20644083864078366,-0.6334494948114465,-1.6633191210188756,1.341130484233182,-0.3023355039157224,-1.4412146176917815,-1.0685333919031241,-0.383046529663385,-0.23613480433157916,-0.8120012075616037,-1.2253075366644721,0.9530997650582249,-1.9271542898255056,0.5748295379630829,0.0031484626052172586
-1.2118679825439702,-0.012845245624624281,0.4204415974126744,1.3228234072163352,0.6135939668576539,0.8315627820516464,0.8815774924184608,1.2637980720943496,-0.9919111132060705,-1.5705521345471236,-1.209177206962914,0.7474699706726756,0.01328452397740475,0.896029049987464,-1.59169174760361,-0.03315778096719023,0.9530997650582249,-0.053316993937310604,0.6425036399484654,1.2294746473373186
0.11094167425437625,-0.012845245624624281,1.3128775766619205,-0.6601389421515771,1.6005591569257236,1.1346041075558122,1.4333394250285878,0.613327584735855,-0.3220278822581663,-1.2016163874543524,1.0156520841432857,-1.6475489567823647,1.5545719548026982,-0.746989226402367,-0.7320329470444749,1.3292990826868463,0.9530997650582249,0.21855672086789626,0.998579749348403,1.2294746473373186
0.5518782265204917,-0.012845245624624281,-0.47199438183657183,0.6618359574270309,1.2106903451906499,0.8280795484251617,-1.6720601914893325,1.3567224274312772,0.1399605528783193,-1.6858445555136146,-0.7587516449598185,-1.0158956132777386,1.114204117424043,1.5863728635966368,0.2675703094196358,0.13714932698956434,-0.15671296585411776,1.0007164849997991,0.6450599245005804,-1.2231777221268842
0.11094167425437625,-1.2636510383224195,-1.364430361085818,0.0008485076377269405,-0.3628342282986572,1.218201714591444,0.5813540879100094,-1.5587792212648317,-1.442349837464144,1.3578753580017482,1.3705328299639064,0.35268663098228437,-1.3518557718964266,-0.8574442365798346,-1.0718980542422725,-0.7900782607749883,-0.15671296585411776,-1.70965531798134,0.6103298282224546,0.0031484626052172586
0.11094167425437625,1.237960547073171,1.3128775766619205,-1.321126391940881,-0.33473557520063385,-0.5443145004097961,-0.07357341613352364,-1.0070408614518231,-0.29892846050134203,-1.7089030397069127,-0.04899015331857682,1.2475288676138379,-1.572039690585754,-1.6444361840942914,1.3671338915301574,-0.6386941648134287,0.9530997650582249,-1.4628776383889215,0.5354293471098331,0.0031484626052172586
0.9928147787866072,1.237960547073171,-1.364430361085818,0.6618359574270309,0.22372515512258004,0.26379570093464605,-1.3950200614602983,-1.059310811328845,1.1563351101785877,-0.8326806403615811,1.397831348873185,-1.7001867354077502,0.36557879388032893,-0.05664541279319426,0.7273878073931267,0.3831484829270987,0.9530997650582249,-0.08259570168556365,0.4255072909201649,1.2294746473373186
-0.7709314302778547,-1.2636510383224195,-0.47199438183657183,-1.321126391940881,1.2949863044847199,-0.10194382984624371,-1.0414751256491874,0.630750901361529,-1.1651567763822526,-0.7865636719749847,0.7836146734144182,-0.06841559802079965,-1.1757086369449643,-0.08425916533756117,-0.37217577471739505,-1.4523836806068116,-0.15671296585411776,-0.4172095045227413,1.0441187500636193,1.2294746473373186
0.5518782265204917,-0.012845245624624281,1.3128775766619205,-1.321126391940881,-0.20126697298502297,1.2704502189887141,0.5129634281957289,0.43909441847911546,0.001364022337373608,-0.4637448932688098,-0.5676620125948688,1.036977753112296,-0.6032304483527126,0.10903710247300719,0.9872846540737954,0.9886848667733371,-1.2665256967664604,0.6242759568079742,-0.1392320496545118,-1.2231777221268842
1.4337513310527226,1.237960547073171,1.3128775766619205,1.3228234072163352,1.4425042332493423,1.218201714591444,0.8201418150480055,-1.012848633660381,1.433528171260479,0.6891793163961003,0.1966965168649299,1.6949499859296147,-0.16286261097405735,-0.8298304840354677,0.18760204890250692,1.2346840227108715,-0.15671296585411776,0.28966215397079653,0.9226394475702944,1.2294746473373186
-0.7709314302778547,-0.012845245624624281,0.4204415974126744,0.0008485076377269405,1.4741152179846186,1.7197873568052358,-0.7945732524433954,-1.0302719502860551,-1.361501861315259,0.3894190218832237,-0.6222590504134259,-1.3317222850300516,-1.4399293393721575,-1.202616143384421,1.706998998727955,0.26961041095592897,-1.2665256967664604,-1.651097902484834,1.4111646753156248,0.0031484626052172586
0.5518782265204917,-1.2636510383224195,-1.364430361085818,-1.321126391940881,-1.5464899900528903,0.9221268563402476,-0.8339848190584045,0.026742591671498436,0.7982940729478113,1.0350565792955735,0.9201072679608108,0.7737888599853684,0.6738362800453876,-1.354491782378439,1.4670942171765686,-0.014234768971995278,-0.15671296585411776,0.8585056187939986,-2.259147286463901,-1.2231777221268842
-1.2118679825439702,1.237960547073171,-0.47199438183657183,-0.6601389421515771,-1.736155898464548,0.44144061588536393,-1.6407627709421195,1.3799535162655092,-0.4375249910422877,-0.371510956495617,-1.6732520284206491,-1.4106789529681298,0.8940201987347153,0.21949211265047483,1.5470624776936974,-1.2442305486596672,0.9530997650582249,0.23110473847429042,-2.362498499906128,1.2294746473373186
-0.7709314302778547,-0.012845245624624281,0.4204415974126744,0.0008485076377269405,0.9753641254947044,1.6187735816371804,0.5720807781182425,0.0848203137570783,-0.04483482117627496,-1.4322012293873343,0.5106294843216329,-0.33160449114772717,-0.8674511507799058,0.5922777719994281,-0.6920488167859105,-1.5469987405827863,0.9530997650582249,-0.5008629552320357,0.9399529770570375,0.0031484626052172586
0.5518782265204917,-0.012845245624624281,1.3128775766619205,0.6618359574270309,0.42392805844599635,-0.0845276617138204,-1.028724324685508,-0.7573066564838297,-1.5231978136130289,1.3578753580017482,-0.9361920178701288,-1.1474900598412023,-0.20689939471192287,-1.1611955145678705,0.22758617916107135,-0.41161802087108923,-1.2665256967664604,-1.7347513531941283,1.0587544214682196,0.0031484626052172586
0.11094167425437625,1.237960547073171,-0.47199438183657183,-1.321126391940881,-0.23639028935755216,1.4585448348188859,0.7262495534063662,1.2870291609285816,-1.2113556198959012,-1.5936106187404218,-1.5777072122381741,-1.3580411743427445,0.45365236135606,-0.291362309420313,0.22758617916107135,-1.4145376566164216,-0.15671296585411776,-0.810380722856425,0.3615341899698773,0.0031484626052172586
1.4337513310527226,-0.012845245624624281,1.3128775766619205,-1.321126391940881,1.2774246462984553,-0.05666179270194308,-1.4552965751067828,-1.3961615994252081,0.3825044813249742,0.758354768975995,0.8655102301422537,0.14213551648074235,-1.572039690585754,1.6416003686853706,1.5270704125644152,0.13714932698956434,0.9530997650582249,0.2562007736870787,0.8655682532235991,1.2294746473373186
0.5518782265204917,1.237960547073171,0.4204415974126744,-1.321126391940881,0.03405924671092249,-1.7320971670410668,1.1899150429947083,1.7284198487789884,-0.541472388947997,0.22800963253013629,-1.2637742447814713,-0.38424226977311265,1.5545719548026982,1.6277934924131872,0.10763378838537807,-0.6576171768086236,-1.2665256967664604,1.1596580413474584,-0.12822156501506746,-1.2231777221268842
-1.6528045348100857,-1.2636510383224195,0.4204415974126744,-1.321126391940881,-1.2514541325236452,-1.3628744026336923,-0.9464237002835774,1.513532277062343,-0.460624412799112,-1.2707918400342468,0.7290176355958611,1.7212688752423073,0.6297994963075221,0.30233337028357554,1.047260849461642,0.09930330299917443,-0.15671296585411776,1.5821079674293952,-1.997437695463578,-1.2231777221268842
-0.7709314302778547,1.237960547073171,-1.364430361085818,-1.321126391940881,-1.7466928933763066,-0.7916240878902073,0.31126894022480023,-1.6575113488103175,0.036013154972610026,1.450109294774941,-0.2810275640474443,0.5369188561711337,0.7619098475211187,0.19187836010610793,0.4474988955831757,-1.263153560654862,-1.2665256967664604,-0.9735049517395492,-1.5781879950965974,0.0031484626052172586
-0.7709314302778547,1.237960547073171,1.3128775766619205,0.0008485076377269405,-0.4646918457789918,-0.9692690028409252,-1.4552965751067828,-0.9489631393662432,-0.5299226780695848,1.311758389615152,0.879159489596893,-0.3579233804604199,-0.8234143670420402,1.0617115652536655,0.20759411403178915,-1.1306924766884974,-0.15671296585411776,-0.3879307967744883,0.010847356341882055,1.2294746473373186
0.9928147787866072,1.237960547073171,1.3128775766619205,-1.321126391940881,-0.2890752639163459,0.368292709729186,-0.8247115092666376,1.3102602497628133,-0.7262677630025912,-1.386084261000738,-1.3320205420546676,0.6948321920472901,-0.6472672320905781,0.2609127414670252,-0.032310667519597415,1.1968379987204816,0.9530997650582249,0.4067769849638087,-0.13706147342592112,1.2294746473373186
-0.7709314302778547,-0.012845245624624281,1.3128775766619205,0.0008485076377269405,-0.4190315344947039,-1.3628744026336923,-1.2988094723707173,0.20097575792823802,0.4864518792306835,-0.9479730613280721,1.6435180190566918,-0.48951782702388363,0.8940201987347153,-0.42943107214214754,-0.2922075142002662,-0.2791569369047246,0.9530997650582249,0.4067769849638087,-0.2599272547335506,1.2294746473373186
0.5518782265204917,-0.012845245624624281,1.3128775766619205,-1.321126391940881,0.03405924671092249,-1.7042312980291894,1.6257606032077496,-0.4146480961789085,1.5259258582877762,0.8044717373625914,-0.8815949800515718,-1.3317222850300516,-1.21974542068283,0.6613121533603453,1.1672132402373354,-0.9036163327461579,-1.2665256967664604,0.0470671469138427,0.2536392154169324,1.2294746473373186
-1.2118679825439702,1.237960547073171,-1.364430361085818,-1.321126391940881,-0.5630371316220735,0.1523322248871368,1.3846545486218118,-1.1580429388743307,-0.5761215215832334,1.0581150634888716,-0.8133486827783755,-1.4633167315935154,-1.2637822044206954,-1.2440367722009713,-0.652064686527346,1.6699132986003553,0.9530997650582249,-1.5967231595237925,0.4151404853364812,0.0031484626052172586
-1.6528045348100857,-1.2636510383224195,0.4204415974126744,-0.6601389421515771,0.6978899261517238,0.5738034936917812,-0.4132083872569841,-0.013911813788407466,0.9484403143671691,0.6200038638162058,1.6298687596020525,0.35268663098228437,1.1582409011619084,-1.3821055349228057,-0.652064686527346,-1.5280757285875914,-1.2665256967664604,0.21855672086789626,0.6072173270064356,1.2294746473373186
0.11094167425437625,-1.2636510383224195,0.4204415974126744,0.6618359574270309,-1.8028901995723534,-0.11239353072569772,0.5651257957744175,0.2764767966394918,-0.8302151609083005,-0.4176279248822134,-0.2810275640474443,-0.1473722659588779,-1.4399293393721575,-0.7607961026745504,-1.511723487086481,-0.3926950088758943,-1.2665256967664604,-1.0571584024488436,-1.659759025315124,0.0031484626052172586
-0.3299948780117392,-1.2636510383224195,0.4204415974126744,-0.6601389421515771,-1.686983255543007,1.479444236577794,0.08523201405048349,-0.29849265200774877,-0.36822672577181487,0.22800963253013629,-1.045386093507243,-1.6738678460950573,-0.9114879345177712,-1.4097192874671727,-0.8519853378201682,1.423914142662821,0.9530997650582249,-1.2704747017575444,-1.2442152785875351,0.0031484626052172586
0.5518782265204917,-0.012845245624624281,0.4204415974126744,0.0008485076377269405,-1.223355479425622,0.6713340352333518,0.013363863164290488,-1.5529714490562738,-1.1536070655038404,1.2656414212285554,-1.5777072122381741,-0.2526478232096489,-0.16286261097405735,0.9788703076205648,1.607038673081544,-0.48731006885186906,0.9530997650582249,-1.3206667721831211,-0.41263042836783503,0.0031484626052172586
-0.7709314302778547,1.237960547073171,0.4204415974126744,1.9838108570056392,0.03405924671092249,-0.7985905551431766,-1.2698303792714458,-0.8618465562378734,-0.8186654500298883,0.2971850851100309,1.3432343110546279,-0.33160449114772717,-1.0876350694692334,-0.23613480433157916,-0.8120012075616037,1.5563752266291857,-0.15671296585411776,-0.5050456277675005,0.44313403878920293,0.0031484626052172586
-1.2118679825439702,-1.2636510383224195,-1.364430361085818,1.3228234072163352,0.7224762476124943,1.0161741642553335,-0.5128964675184776,-1.2103128887513526,1.1216859775433512,1.5423432315481338,-0.2400797856835265,-1.3317222850300516,-0.33900974592551947,0.6751190296325288,0.4275068304538935,-0.8657703087557681,-1.2665256967664604,-0.40047881438088245,0.7985480714785679,1.2294746473373186
-1.2118679825439702,1.237960547073171,-1.364430361085818,1.3228234072163352,-1.307651438719692,1.4724777693248245,-0.24860713845312274,-0.03714290262263941,0.16305997463514357,-0.486803377462108,0.5242787437762721,-0.1473722659588779,1.5986087385405636,1.503531605963536,-1.59169174760361,-1.2063845246692773,-0.15671296585411776,0.08889387226848991,-1.3026304429941014,1.2294746473373186
0.11094167425437625,-0.012845245624624281,1.3128775766619205,1.3228234072163352,1.0982957327985565,-0.9588193019614711,-1.4008158800801525,1.559994454730807,0.4864518792306835,-1.7089030397069127,0.5788757815948292,0.1684544057934351,1.5105351710648325,1.1307459466145828,0.9273084586859488,-1.0928464526981074,-1.2665256967664604,1.632300037854972,0.4245136706511085,-1.2231777221268842
-0.7709314302778547,1.237960547073171,-0.47199438183657183,0.6618359574270309,-0.47522884069075055,-0.4398174916152562,1.4008828407574039,0.13709026363410018,-1.361501861315259,-1.501376681967229,-1.5913564716928135,-0.4105611590858054,-1.4399293393721575,-0.6917617213136331,-0.552104360880935,1.3482220946820411,-1.2665256967664604,-1.383406860215092,0.39885045140636627,0.0031484626052172586
1.4337513310527226,-0.012845245624624281,-1.364430361085818,0.6618359574270309,0.16752784892653336,-1.6972648307762201,0.7297270445782789,0.18355244130256407,-0.1141330864467478,1.7268111050945194,0.7017191166865826,-0.7263878308381184,-0.11882582723619182,0.4404021330054101,1.5670545428229796,0.7237626988406078,-0.15671296585411776,1.1136486434573465,-0.006851646861794662,-1.2231777221268842
-1.6528045348100857,-0.012845245624624281,1.3128775766619205,0.0008485076377269405,-1.5851256380626724,0.023452580707204202,1.0670436882537977,0.16032135246833212,1.4104287495036547,-0.1639845987559332,0.25129355468348696,0.3000488523568989,-1.4399293393721575,1.4206903483304354,-0.9919297937251437,0.5345325788886583,0.9530997650582249,0.9254283793614341,-2.3995910675439736,-1.2231777221268842
0.5518782265204917,-1.2636510383224195,-0.47199438183657183,-0.6601389421515771,1.2668876513866965,0.6608843343538978,-0.14080491212383323,-0.32753151305053874,-0.945712269692422,0.3894190218832237,-1.0863338718711608,0.6421944134219046,1.0261305499483118,0.5370502669106942,-0.5321122957516528,1.5563752266291857,-1.2665256967664604,-0.24571993056868777,0.9897305324675177,1.2294746473373186
0.9928147787866072,-1.2636510383224195,-0.47199438183657183,-0.6601389421515771,1.0280491000534981,1.085838836785027,-1.3602451497411725,0.8282151564525005,1.2718322189627091,1.4962262631615375,0.48333096541235443,-0.4105611590858054,-0.9995615019935024,-1.023126751846036,1.427110086918004,-0.5440791048374539,-1.2665256967664604,1.184754076560247,0.5079914837016352,-1.2231777221268842
0.11094167425437625,1.237960547073171,1.3128775766619205,1.3228234072163352,-0.6086974429063614,1.5943909462517878,-1.3150377645063092,1.7226120765704305,1.4104287495036547,0.9197641583290824,-0.06263941277321608,-1.0685333919031241,-0.383046529663385,0.04000272111208992,-1.691652073250021,0.32637944694151383,-1.2665256967664604,1.423166411081736,-0.8827229563042297,-1.2231777221268842
0.9928147787866072,-0.012845245624624281,-1.364430361085818,-0.6601389421515771,-0.35932189666140424,-0.8125234896491152,-1.7346550325837586,0.3287467465165137,-1.615595500640326,1.2886999054218535,-1.564057952783535,0.3790055202949771,0.9380569824725807,0.6751190296325288,0.8073560679102555,1.7266823345859401,-0.15671296585411776,0.3105755166481201,-0.16519913972838313,1.2294746473373186
0.5518782265204917,1.237960547073171,0.4204415974126744,0.0008485076377269405,-1.135547188494299,1.4655113020718553,-0.8722372219494426,0.18355244130256407,1.6298732561934854,1.5423432315481338,-0.9225427584154896,-0.12105337664618515,0.5857627125696566,0.9650634313483814,-0.9119615332080148,1.6509902866051605,-1.2665256967664604,1.2223981293794293,-1.5852580626597919,-1.2231777221268842
1.4337513310527226,1.237960547073171,-1.364430361085818,-1.321126391940881,-0.3101492537398634,1.3261819570124687,0.9256257139293533,-1.3380838773396284,1.0639374231512906,-1.4783181977739308,0.18304725741029065,0.9053833065488321,0.40961557761819445,0.7993809160821799,-0.9519456634665792,-1.282076572650057,0.9530997650582249,-0.8480247756756075,0.31963216161085845,0.0031484626052172586
0.11094167425437625,-0.012845245624624281,-1.364430361085818,1.9838108570056392,0.03405924671092249,-0.30745461380883893,-1.1678239715620107,1.4961089604366689,1.0523877122728784,-0.5098618616554063,0.8518609706876145,-0.5684744949619619,1.5545719548026982,-0.42943107214214754,-1.671660008120739,1.461760166653211,0.9530997650582249,1.527733224468354,-0.254551447263248,-1.2231777221268842
0.9928147787866072,1.237960547073171,-1.364430361085818,0.0008485076377269405,-0.18019298316150548,-0.4711665942536182,-0.8548497660898798,1.083757133629052,0.9599900252455813,-1.524435166160527,1.657167278511331,-1.305403395717359,1.290351252375505,0.3299471228279425,-0.8120012075616037,-0.6197711528182337,-1.2665256967664604,1.0676392455672346,-0.2824420369433804,-1.2231777221268842
-1.6528045348100857,1.237960547073171,0.4204415974126744,0.6618359574270309,0.03405924671092249,-0.9274701993231091,-1.6233753150825567,0.9095239673723123,1.5374755691661883,0.5047114428497147,0.42873392759379736,-1.515954510218901,0.01328452397740475,1.2135872042476834,-1.5716996824743277,-1.603767776568371,-0.15671296585411776,0.8794189814713221,-0.03203858648520287,-1.2231777221268842
1.4337513310527226,-0.012845245624624281,1.3128775766619205,0.6618359574270309,1.582997498739459,0.05131844971908152,-0.13964574839986235,-1.1522351666657729,1.017738579637642,-0.2792770197224242,-1.3729683204185852,-1.3317222850300516,0.3215420101424634,0.5370502669106942,-0.7320329470444749,-1.3577686206308368,-1.2665256967664604,-1.4043202228924154,1.3822836245988832,0.0031484626052172586
0.11094167425437625,1.237960547073171,0.4204415974126744,0.0008485076377269405,-0.9880292597296765,1.31224902250653,-1.6338077885982945,1.1476426279231897,0.32475592693291355,-0.3253939881090206,-0.9361920178701288,0.9580210851742176,-1.3518557718964266,-0.22232792805939572,0.4474988955831757,-1.1685385006788873,-0.15671296585411776,0.3900462948219498,-0.9347381699485627,1.2294746473373186
-0.3299948780117392,1.237960547073171,-0.47199438183657183,0.6618359574270309,0.03405924671092249,-0.05666179270194308,1.5712799081811195,0.06739699713140435,1.352680195111594,-0.6712712510084936,0.305890592502044,0.7737888599853684,0.9820937662104463,-1.5201742976446404,1.507078347435133,-1.5848447645731762,-1.2665256967664604,0.23110473847429042,0.1904742742928421,1.2294746473373186
0.5518782265204917,1.237960547073171,1.3128775766619205,0.6618359574270309,0.9964381153182219,-0.171608502375937,-0.3112019795475489,1.019871639334914,-1.6386949223971503,0.9197641583290824,-1.2364757258721926,1.010658863799603,-0.8234143670420402,-0.7884098552189174,0.18760204890250692,-1.5280757285875914,-1.2665256967664604,-0.5259589904448241,0.9555675501010804,0.0031484626052172586
0.5518782265204917,1.237960547073171,-1.364430361085818,1.3228234072163352,1.46357822307286,0.9430262580991556,1.1748459145830872,0.8688695619124064,1.4104287495036547,-0.6020957984285991,-1.6596027689660098,1.7212688752423073,-1.7041500417993507,0.24710586519484173,-1.23183457527653,-0.7522322367845984,-0.15671296585411776,0.2812968088998671,0.9327652297764096,1.2294746473373186
-1.2118679825439702,-0.012845245624624281,-1.364430361085818,0.0008485076377269405,-1.4059967245627736,-1.0145510399852258,0.5477383399148547,0.009319275045824478,-0.1141330864467478,1.657635652514625,1.4797269056010205,1.326485535551916,1.0261305499483118,0.20568523637829136,-1.5716996824743277,1.6888363105955504,-0.15671296585411776,1.1345620061346702,-2.0866125915090374,-1.2231777221268842
0.11094167425437625,1.237960547073171,-0.47199438183657183,0.6618359574270309,0.06215789980894583,0.11749988862229015,-0.15123738563957093,0.5145954571903693,-0.5876712324616455,-0.7404467035883883,0.10115170068245506,0.5369188561711337,-0.5151568808769815,1.0617115652536655,-0.7120408819151927,0.9886848667733371,0.9530997650582249,0.4820650906021737,0.12553907733062708,-1.2231777221268842
0.9928147787866072,-0.012845245624624281,0.4204415974126744,-1.321126391940881,-0.7597277033082368,0.4658232512707566,-1.6987209571406623,1.3044524775542554,1.0870368449081147,0.9658811267156788,-0.3492738613206406,0.7737888599853684,-1.0876350694692334,0.39898150418885975,-0.41215990497595945,1.1589919747300916,-0.15671296585411776,1.7117708160288017,-1.2095176517816761,-1.2231777221268842
0.5518782265204917,-1.2636510383224195,-1.364430361085818,1.3228234072163352,1.4003562536023073,-0.9379199002025632,1.0913861264571856,1.048910500377704,1.2487327972058848,1.7268111050945194,-0.4857664558670332,-0.22632893389695616,-1.6601132580614852,1.4897247296913525,1.4071180217887218,-0.6008481408230387,-1.2665256967664604,1.7912415942026314,0.5322120237013713,-1.2231777221268842
-0.3299948780117392,-0.012845245624624281,-0.47199438183657183,0.6618359574270309,-1.054763560837482,0.5877364281977199,0.927944041377295,-0.24041492992216892,0.35940505956814994,-0.6943297352017919,-0.32197534241136205,0.22109218441882061,-1.7041500417993507,-0.9540923704851187,-0.6720567516566283,-0.8279242847653782,0.9530997650582249,-1.006966332023267,-0.34882033666814033,0.0031484626052172586
-1.6528045348100857,-1.2636510383224195,-1.364430361085818,0.0008485076377269405,1.1896163553671324,-0.1332929324846057,-0.7053176456976396,-1.7504357041472454,0.34785534868973783,1.4962262631615375,0.08750244122781581,-0.6474311629000402,0.8059466312589841,-0.33278293823686333,-1.0119218588544259,1.6509902866051605,-0.15671296585411776,-0.810380722856425,1.1064208503021384,0.0031484626052172586
0.5518782265204917,1.237960547073171,-1.364430361085818,-1.321126391940881,1.3863069270532957,-1.230511524827275,0.020318845508115618,1.03148718375203,-1.6386949223971503,0.9658811267156788,-0.07628867222785535,0.14213551648074235,0.8059466312589841,0.3851746279166763,-0.032310667519597415,0.32637944694151383,2.0629124959705676,0.5824492314533269,0.827642755236845,-1.2231777221268842
-1.2118679825439702,1.237960547073171,1.3128775766619205,1.3228234072163352,1.2809369779357083,-0.8961210966847473,1.4333394250285878,-1.454239321510788,1.687621810585546,1.0350565792955735,-1.4412146176917815,1.5896744286788436,-0.9995615019935024,0.7441534109934461,-0.0123186023903152,0.8751467948021674,0.9530997650582249,-0.11605708196928141,0.9620214883482907,1.2294746473373186
-1.6528045348100857,1.237960547073171,-0.47199438183657183,1.3228234072163352,0.44851437990676674,0.20458072928440676,-1.3393802027096973,-0.5191879959329523,-0.4028758584070513,0.7814132531692931,1.288637273236071,0.19477329510612784,0.3215420101424634,0.7993809160821799,0.1476179186439425,1.4806831786484058,-0.15671296585411776,0.6786506997690156,0.3265254950803534,-1.2231777221268842
-0.3299948780117392,-0.012845245624624281,1.3128775766619205,0.0008485076377269405,-1.0582758924747349,0.11749988862229015,0.41095702048629373,1.1127959946718418,0.3132062160545014,-0.11786763036933677,-0.6905053476866222,-1.1474900598412023,-0.4270833134012505,-1.3682986586506223,-0.032310667519597415,0.11822631499436938,-0.15671296585411776,0.06379783705570158,-0.8797438026312424,1.2294746473373186
1.4337513310527226,-0.012845245624624281,-1.364430361085818,1.3228234072163352,0.8383831916418406,-1.2792767955980604,0.5036901184039622,0.2590534800138179,-0.6107706542184699,-0.71738821939509,0.6744205977773041,1.5107177607407654,-0.9114879345177712,-0.5122723297752483,-0.39216783984667725,-0.8090012727701832,-0.15671296585411776,-0.22062389535589944,0.8019459326611199,1.2294746473373186
0.9928147787866072,-0.012845245624624281,0.4204415974126744,1.9838108570056392,-0.9002209687983536,0.05131844971908152,-0.005182756419243192,0.7294830289070148,-1.280653885166374,-0.1870430829492314,-0.18548274786496943,-0.3052856018350344,-1.21974542068283,1.683020997501921,-1.2718187055350947,-1.0739234407029126,0.9530997650582249,-0.18716251507218168,-0.543649054997304,1.2294746473373186
-1.6528045348100857,1.237960547073171,0.4204415974126744,-1.321126391940881,1.165030033906362,-0.10891029709921304,1.575916563077003,0.09062808596563629,0.12841084199990715,1.6345771683213266,-0.3492738613206406,0.7737888599853684,-1.4839661231100232,0.923642802531831,-0.9919297937251437,-0.9603853687317429,-0.15671296585411776,0.14326861522953127,0.8480127319714724,1.2294746473373186
0.5518782265204917,-1.2636510383224195,-0.47199438183657183,0.6618359574270309,0.22372515512258004,-0.6662276773367594,0.8073910140843261,0.10805140259131024,-0.26427932786610564,-1.1324409348744577,-0.4857664558670332,0.03685995922997135,-1.1316718532070988,0.1366508550173741,0.8873243284273844,0.6859166748502179,2.0629124959705676,-0.0951437192919578,0.42959945101898744,1.2294746473373186
-0.3299948780117392,-0.012845245624624281,1.3128775766619205,1.3228234072163352,-1.3146761019941977,-0.06711149358139708,-0.3367035814749077,0.6946363956556668,-1.4885486809777926,-1.178557903261054,-0.9361920178701288,-0.8579822774015822,1.642645522278429,-1.506367421372457,-0.19224718855385511,-1.1306924766884974,-0.15671296585411776,-1.2662920292220796,-0.5738961805624408,0.0031484626052172586
-0.7709314302778547,-1.2636510383224195,0.4204415974126744,0.0008485076377269405,0.5995446403086422,-0.6662276773367594,-0.021411048554835162,-1.3148527885053964,0.19770910727038,0.6200038638162058,-0.10358719113713387,1.1685721996757596,1.7747558734920257,-1.4097192874671727,1.5670545428229796,0.9319158307877523,-0.15671296585411776,-0.3335560538134469,0.7182542168590754,1.2294746473373186
0.9928147787866072,-0.012845245624624281,-1.364430361085818,-0.6601389421515771,-0.9142702953473653,-0.784657620637238,0.25331075402625747,0.6946363956556668,1.6298732561934854,-0.8557391245548793,0.1966965168649299,-0.9106200560269677,-0.5151568808769815,-0.23613480433157916,1.4670942171765686,-0.506233080847064,0.9530997650582249,0.9254283793614341,-1.0790579305367343,-1.2231777221268842
0.5518782265204917,1.237960547073171,0.4204415974126744,-0.6601389421515771,1.2598629881121908,-0.021829456437096436,-0.9777211208307904,1.4148001495168572,-1.6040457897619138,0.4124775060765219,0.46968170595771513,0.19477329510612784,-1.7481868255372162,-1.2992642772897052,-0.032310667519597415,0.042534267013589575,0.9530997650582249,0.13072059762313712,0.8905228761794233,1.2294746473373186
0.11094167425437625,1.237960547073171,-0.47199438183657183,1.3228234072163352,1.3406466157690078,0.04435198246611219,-1.604828695499023,1.066333817003378,1.4797270147741275,1.5654017157414322,-0.7724009044144577,-0.5421556056492691,0.36557879388032893,-0.33278293823686333,0.7273878073931267,0.1939183629751492,0.9530997650582249,1.3938877033334829,0.6042410909948891,-1.2231777221268842
0.11094167425437625,-1.2636510383224195,1.3128775766619205,0.6618359574270309,0.38880474207346716,-0.6766773782162133,-0.30656532465166547,1.2986447053456973,0.9946391578808177,0.3894190218832237,0.824562451778336,1.5896744286788436,1.466498387326967,-0.7746029789467339,-0.4721361003638061,0.9508388427829473,-1.2665256967664604,1.8874430625183198,-0.08930767616002457,-1.2231777221268842
-1.6528045348100857,-0.012845245624624281,-1.364430361085818,0.6618359574270309,-1.7502052250135596,-0.202957605014299,-0.8861471866370929,0.02093481946294045,-0.9110631370571854,-1.040206998101265,1.4660776461463814,0.14213551648074235,0.057321307715270275,0.7027327821768957,-0.9719377285958614,1.386068118672431,0.9530997650582249,0.28966215397079653,-2.442135306862487,1.2294746473373186
0.11094167425437625,-1.2636510383224195,1.3128775766619205,-0.6601389421515771,-1.6272736177097076,-0.5408312667833114,-1.157391498046273,0.8979084229551964,-1.6271452115187381,0.758354768975995,1.2613387543267924,-1.1738089491538952,0.8059466312589841,1.2412009567920503,-1.671660008120739,0.7237626988406078,-1.2665256967664604,0.6577373370916919,-2.342896565761109,-1.2231777221268842
0.9928147787866072,-0.012845245624624281,0.4204415974126744,1.3228234072163352,-0.8299743360532952,0.023452580707204202,0.4608010606170405,0.9327550562065443,-1.5809463680050897,-0.3484524723023188,-0.49941571532167245,0.8264266386107538,-0.16286261097405735,1.1997803279755002,1.2871656310130286,0.9886848667733371,-0.15671296585411776,0.8501402737230691,-0.9246828391008535,-1.2231777221268842
-0.3299948780117392,1.237960547073171,-1.364430361085818,-1.321126391940881,-1.6799585922685012,1.3888801622891926,-1.245487941068058,1.6529188100677346,0.5095513009875078,0.8044717373625914,0.16939799795565139,1.7212688752423073,-1.4839661231100232,1.503531605963536,1.4071180217887218,-0.41161802087108923,-1.2665256967664604,2.364267731561298,-3.599814192954918,-1.2231777221268842
0.9928147787866072,-1.2636510383224195,-0.47199438183657183,0.0008485076377269405,-1.518391336954867,-1.0284839744911645,0.424866985173944,-0.5714579458099741,-1.038109956719719,-0.5559788300420027,0.29224133304740474,0.11581662716804961,-1.6160764743236196,-0.6779548450414496,-1.0519059891129903,-1.2442305486596672,0.9530997650582249,-1.634367212342975,-0.690817281344337,0.0031484626052172586
0.9928147787866072,-1.2636510383224195,0.4204415974126744,1.3228234072163352,-1.5781009747881667,-1.0145510399852258,1.2409182468494258,-1.6168569433504116,-1.3846012830720833,0.5508284112363111,-0.5130649747763117,-1.4633167315935154,-0.0747890434983263,1.351655966969518,1.1672132402373354,0.023611255018394624,0.9530997650582249,-1.3039360820412622,-1.0009556974098968,0.0031484626052172586
1.4337513310527226,-0.012845245624624281,-1.364430361085818,1.3228234072163352,-0.7632400349454898,-1.063316310756011,1.6292380943796623,0.9095239673723123,-1.2691041742879619,1.104232031875468,-0.4584679369577547,1.5107177607407654,1.5986087385405636,-0.09806604160974462,-0.23223131881241954,-1.4713066926020064,-0.15671296585411776,0.24365275608068457,-0.5682523005669488,1.2294746473373186
-1.2118679825439702,1.237960547073171,-1.364430361085818,-0.6601389421515771,-0.4471301875927272,-0.6766773782162133,-0.10603000040470757,1.6180721768163866,-1.118957932868604,0.3663605376899255,0.8655102301422537,1.0632966424249886,-0.030752259760460775,-0.22232792805939572,0.06764965812681364,-1.5469987405827863,-1.2665256967664604,0.8626882913294632,-0.46831426287845007,-1.2231777221268842
1.4337513310527226,-0.012845245624624281,-1.364430361085818,-0.6601389421515771,0.14294152746576294,-0.6035294720600354,1.527231686670227,1.432223466142531,-0.03328511029786281,0.2971850851100309,-0.25372904513816574,-0.7263878308381184,-1.7481868255372162,1.2135872042476834,1.5670545428229796,-0.08992681695277509,0.9530997650582249,1.389705030798018,-0.11771121323176013,-1.2231777221268842
1.4337513310527226,-0.012845245624624281,1.3128775766619205,-1.321126391940881,-0.44010552431822136,1.4550616011924014,1.4205886240649084,-1.2393517497941426,-1.107408221990192,-0.71738821939509,-1.1545801691443571,-1.6738678460950573,-1.6160764743236196,1.1583596991589498,-1.1518663147594013,0.09930330299917443,0.9530997650582249,-2.065182483495841,0.6955852851965305,0.0031484626052172586
-0.7709314302778547,1.237960547073171,-1.364430361085818,1.3228234072163352,-0.7175797236612018,-0.9518528347085018,-0.6948851721819018,1.432223466142531,-1.3499521504368468,0.9197641583290824,-1.6869012878752883,-0.6737500522127329,-1.307818988158561,1.351655966969518,1.3671338915301574,-1.4334606686116167,0.9530997650582249,0.33985422439637314,-0.5553941832253672,1.2294746473373186
0.11094167425437625,-0.012845245624624281,1.3128775766619205,0.0008485076377269405,-1.4411200409353029,-1.4151229070309623,0.7343636994741622,-1.3322761051310703,0.52110101186592,0.8967056741357842,-0.5130649747763117,-1.0422145025904315,0.3215420101424634,-1.3821055349228057,-1.6516679429914567,0.09930330299917443,-1.2665256967664604,-1.6427325574139044,-0.5580914661226055,0.0031484626052172586
-0.3299948780117392,-0.012845245624624281,1.3128775766619205,-0.6601389421515771,-0.6859687389259256,1.3087657888800455,-0.2335380100415016,-0.6585745289383439,-0.8302151609083005,-1.6397275871270183,-1.195527947508275,0.7474699706726756,-0.20689939471192287,1.2273940805198669,-1.6116838127328923,1.2914530586964563,-0.15671296585411776,-1.019514349629661,0.06430099933670483,0.0031484626052172586
-0.3299948780117392,-1.2636510383224195,-1.364430361085818,1.9838108570056392,1.5232878609061595,1.2007855464590207,-1.124934913775089,0.2997078854737238,1.2025339536922361,-0.3484524723023188,0.15574873850101212,-1.3580411743427445,-1.572039690585754,-1.754891194271759,-0.8120012075616037,-1.1685385006788873,0.9530997650582249,-0.6890832193279481,1.1911690205519845,0.0031484626052172586
-1.6528045348100857,-0.012845245624624281,-1.364430361085818,1.3228234072163352,0.9613147989456927,1.085838836785027,-0.49782733910685656,0.601712040318739,-1.5924960788835019,-0.6482127668151955,-1.4412146176917815,-1.5949111781569791,-1.2637822044206954,-1.354491782378439,-0.1522630582952907,-0.8468472967605731,0.9530997650582249,-1.7054726454458753,1.2631267136003734,0.0031484626052172586
1.4337513310527226,1.237960547073171,0.4204415974126744,1.9838108570056392,0.5925199770341364,-1.5962510556081648,1.2281674458857466,0.653981990195761,-1.0843088002333676,-1.063265482294563,-1.5094609149649778,0.7474699706726756,0.36557879388032893,-1.1888092671122374,-0.41215990497595945,-1.338845608635642,-1.2665256967664604,-1.1659078883709264,0.9621355219224972,0.0031484626052172586
0.11094167425437625,-1.2636510383224195,1.3128775766619205,-1.321126391940881,0.03405924671092249,0.4658232512707566,1.1667317685152911,0.2822845688480498,-0.1141330864467478,0.988939610908977,0.8655102301422537,1.4054422034899943,-1.7481868255372162,-1.0369336281182195,-1.1918504450179657,-0.2791569369047246,-0.15671296585411776,0.038701801842913254,0.256510349104391,1.2294746473373186
1.4337513310527226,1.237960547073171,-0.47199438183657183,0.6618359574270309,0.03405924671092249,-1.115564815153281,-0.5383980694458365,-0.5075724515158363,0.7636449403125749,-0.7404467035883883,-0.9361920178701288,-1.0158956132777386,1.5986087385405636,0.09523022620082373,-1.0718980542422725,-1.338845608635642,-0.15671296585411776,-1.0111490045587317,0.6168376268804512,0.0031484626052172586
0.11094167425437625,-1.2636510383224195,-1.364430361085818,0.6618359574270309,1.5303125241806654,1.695404721419843,-1.3115602733343967,0.17774466909400607,-0.5992209433400577,-0.71738821939509,1.4660776461463814,1.010658863799603,-1.1316718532070988,-1.630629307822108,-0.7520250121737571,-0.2034648889239448,0.9530997650582249,-0.4130268319872766,1.126428361619763,1.2294746473373186
0.11094167425437625,-0.012845245624624281,0.4204415974126744,0.6618359574270309,-1.5781009747881667,-0.028795923690065763,-0.7087951368695521,-0.31591596863342275,-0.8302151609083005,-1.5936106187404218,1.3432343110546279,0.03685995922997135,-0.11882582723619182,1.5173384822357194,-0.7120408819151927,0.042534267013589575,0.9530997650582249,-0.0909610467564931,-1.7519256032276707,1.2294746473373186
-0.7709314302778547,1.237960547073171,-1.364430361085818,0.6618359574270309,0.736525574161506,1.604840647131242,-0.8397806376782587,-1.5820103100990637,-0.4259752801638756,-1.61666910293372,0.9610550463247286,-0.2789667125223417,1.3343880361133704,-0.08425916533756117,-1.2518266404058125,1.026530890763727,0.9530997650582249,-1.2704747017575444,1.0552807492506606,0.0031484626052172586
-1.6528045348100857,-0.012845245624624281,-0.47199438183657183,0.6618359574270309,0.30099645114214424,1.002241229749395,-1.661627717973595,1.037294955960588,-1.0150105349628948,0.9428226425223806,1.138495419235039,-1.621230067469672,-1.21974542068283,-0.5813067111361655,-1.311802835793659,-1.3956146446212268,-1.2665256967664604,-0.23317191296229361,0.5219604171071793,1.2294746473373186
1.4337513310527226,-0.012845245624624281,0.4204415974126744,0.0008485076377269405,-0.6192344378181202,-1.7007480644027047,1.0937044539051273,1.2057203500087696,-0.37977643665022703,-1.2477333558409487,-0.9225427584154896,-0.2526478232096489,1.378424819851236,0.923642802531831,-0.19224718855385511,0.28853342295112394,-0.15671296585411776,0.6159106117370448,-0.5578846802529548,-1.2231777221268842
0.5518782265204917,1.237960547073171,1.3128775766619205,0.0008485076377269405,1.1404437124455915,-0.7498252843723913,0.34836217939186753,-0.09522062470821928,-0.9226128479355976,0.15883417995024168,0.7153683761412218,0.8001077492980612,-0.8674511507799058,0.41278838046104316,-1.031913923983708,-0.9603853687317429,-0.15671296585411776,-0.4130268319872766,0.9837823875049289,1.2294746473373186
-1.2118679825439702,-1.2636510383224195,-1.364430361085818,-0.6601389421515771,1.0385860949652568,1.2565172844827754,-0.08864254454514475,-0.43787918501314044,-1.6502446332755625,1.3809338421950466,0.6744205977773041,-1.5685922888442865,-1.1316718532070988,-1.202616143384421,1.507078347435133,0.5156095668934634,-0.15671296585411776,-0.7476406348244543,1.0324364098526186,0.0031484626052172586
0.9928147787866072,1.237960547073171,-0.47199438183657183,1.3228234072163352,-1.219843147788369,0.347393307970278,-0.5488305429615742,0.671405306821435,1.179434531935412,-0.5098618616554063,1.097547640871121,-1.305403395717359,-0.5591936646148471,-1.6720499366386583,0.6874036771345623,-1.1306924766884974,-0.15671296585411776,0.2812968088998671,-1.2492563532090806,1.2294746473373186
1.4337513310527226,1.237960547073171,-1.364430361085818,-1.321126391940881,-1.012615581190447,-1.4046732061515081,-1.3602451497411725,0.23001461897102796,1.6414229670718976,0.6661208322028022,0.9337565274154501,1.1948910889884523,0.5857627125696566,0.012388968567723011,-0.2922075142002662,-0.525156092842259,-0.15671296585411776,1.2391288195212882,-1.381036042761111,-1.2231777221268842
0.5518782265204917,-1.2636510383224195,1.3128775766619205,0.0008485076377269405,0.8910681662006343,-0.19947437138781432,0.1513043463168222,0.3055156576822818,-1.3384024395584346,-1.61666910293372,0.9883535652340071,0.4842810775457481,-0.4270833134012505,-0.015224783976643898,-0.9519456634665792,1.2725300467012615,2.0629124959705676,-0.14115311718206974,0.8040652913127035,1.2294746473373186
0.11094167425437625,-1.2636510383224195,-0.47199438183657183,0.6618359574270309,1.3020109677592258,-0.5025156968919802,-0.2868595413441609,-0.031335130414081425,0.18615939639196785,-0.3945694406889152,-0.9771397962340467,1.5896744286788436,-0.7353407995663092,-1.0645473806625865,-1.511723487086481,0.6859166748502179,-1.2665256967664604,-0.6305258038314421,1.1009353291243547,0.0031484626052172586
0.9928147787866072,1.237960547073171,1.3128775766619205,1.3228234072163352,1.4108932485140662,1.2321346490973828,0.4689152066848365,1.1011804502547258,-1.199805909017489,-0.2331600513358278,-0.2400797856835265,1.2738477569265305,1.3343880361133704,0.6889259059047123,-0.4521440352345239,0.7426857108358028,-1.2665256967664604,0.8501402737230691,0.771073232542391,-1.2231777221268842
-0.7709314302778547,-1.2636510383224195,1.3128775766619205,0.6618359574270309,-1.2374048059746336,-1.6484995600054348,-0.5117373037945068,-1.44843154930223,-0.1141330864467478,-0.9479730613280721,1.452428386691742,1.2475288676138379,0.541725928831791,1.6139866161410037,-1.2918107706643769,-0.16561886493355488,0.9530997650582249,-0.3795654517035588,-0.9302392353929246,1.2294746473373186
-1.6528045348100857,-1.2636510383224195,0.4204415974126744,1.3228234072163352,-0.0010640696616066828,-1.5056869813195635,1.5399824876339063,-0.8734621006549894,-1.5000983918562047,0.2971850851100309,1.2340402354175137,0.35268663098228437,0.14539487519100133,1.2412009567920503,0.9672925889445132,-1.4713066926020064,0.9530997650582249,-0.4172095045227413,0.38904694682398944,1.2294746473373186
0.9928147787866072,1.237960547073171,-1.364430361085818,0.0008485076377269405,1.670805789670782,-1.5022037476930787,0.9186707315855281,-0.26364601875640087,-1.1767064872606647,-1.4322012293873343,-1.1545801691443571,1.036977753112296,0.18943165892886685,0.2609127414670252,-1.2918107706643769,0.17499535097995422,-1.2665256967664604,-1.1993692686546442,1.3584614382274731,0.0031484626052172586
1.4337513310527226,-1.2636510383224195,-0.47199438183657183,1.3228234072163352,0.05864556817169291,1.6849550205403891,0.4364586224136525,-1.2858139274626064,1.3180310624763576,0.11271721156364527,1.30228653269071,-0.7527067201508112,-0.11882582723619182,-0.3742035670534137,-0.4521440352345239,-1.6226907885635662,0.9530997650582249,-0.7267272721471306,0.5349853985591554,0.0031484626052172586
0.11094167425437625,-0.012845245624624281,0.4204415974126744,0.0008485076377269405,0.5819829821223776,0.5006555875356032,-0.14080491212383323,0.5552498626502752,-1.3153030178016103,-1.524435166160527,-0.22643052622888724,0.6421944134219046,-1.7041500417993507,1.351655966969518,0.08764172325609586,-1.4334606686116167,0.9530997650582249,-0.37120010663262937,0.7204671545019034,1.2294746473373186
1.4337513310527226,-1.2636510383224195,1.3128775766619205,-0.6601389421515771,1.6181208151119884,-1.5892845883551954,0.45152775082527363,1.6238799490249447,-1.107408221990192,0.8505887057491878,-0.2400797856835265,-1.4369978422808227,0.7178730637832531,0.6613121533603453,-0.3121995793295484,1.1022229387445068,-0.15671296585411776,1.0676392455672346,0.8021711481189405,-1.2231777221268842
-0.3299948780117392,1.237960547073171,-0.47199438183657183,0.0008485076377269405,-1.265503459072657,-0.5512809676627655,1.36842625648622,0.16612912467689012,-1.5000983918562047,-0.8557391245548793,-1.195527947508275,-0.4631989377111909,0.18943165892886685,0.12284397874519064,-1.511723487086481,-1.5469987405827863,0.9530997650582249,-1.621819194736581,-0.31073431328374557,0.0031484626052172586
0.9928147787866072,-1.2636510383224195,0.4204415974126744,0.0008485076377269405,0.06918256308345166,1.615290348010696,0.9093974217937614,-0.00810404157984948,0.8098437838262235,-0.6482127668151955,0.2649428141381262,0.22109218441882061,0.1013580914531358,-0.09806604160974462,-0.4921281654930883,-0.8279242847653782,-0.15671296585411776,-0.019855613653592837,0.3013994200256195,1.2294746473373186
-1.6528045348100857,-1.2636510383224195,0.4204415974126744,-0.6601389421515771,1.2774246462984553,1.023140631508303,0.36343130780348865,0.619135356944413,-0.18343135171722064,1.1272905160687663,-1.250124985326832,-1.6738678460950573,0.541725928831791,-0.6503410924970828,1.4071180217887218,-0.07100380495758013,-0.15671296585411776,0.0679805095911663,0.9136452208586092,1.2294746473373186
1.4337513310527226,1.237960547073171,1.3128775766619205,1.3228234072163352,-0.3839082181221747,1.4724777693248245,0.1003011424621046,-0.7224600232324818,0.9830894470024055,-0.07175066198274035,-0.15818422895569093,-1.5685922888442865,1.2022776848997738,1.351655966969518,1.227189435625182,-0.2602339249095296,-0.15671296585411776,0.2478354286161493,-0.1640587342358055,1.2294746473373186
0.9928147787866072,-0.012845245624624281,1.3128775766619205,-0.6601389421515771,0.04459624162268124,-0.8334228914080233,1.7254486834692433,0.601712040318739,1.3988790386252425,-0.9018560929414757,0.7153683761412218,-0.17369115527157064,-1.2637822044206954,-0.5260792060474317,0.7673719376516911,-0.5819251288278439,-1.2665256967664604,0.7204774251236628,0.03073862651749281,-1.2231777221268842
1.4337513310527226,-1.2636510383224195,1.3128775766619205,-0.6601389421515771,0.14645385910301584,-0.4049851553504095,-1.2918544900268922,1.4148001495168572,0.52110101186592,-0.1870430829492314,0.1966965168649299,0.8264266386107538,-1.043598285731368,-1.0369336281182195,-0.831993272690886,0.9697618547781421,-0.15671296585411776,0.9923511399288696,0.017357349111366605,-1.2231777221268842
0.11094167425437625,1.237960547073171,-1.364430361085818,-1.321126391940881,-1.6061996278861899,-0.5617306685422194,0.23708246189066548,1.455454554976763,-0.04483482117627496,1.2886999054218535,-0.6632068287773436,-0.8053444987761966,-0.2509361784497884,1.3240422144251511,-1.4917314219571989,0.26961041095592897,0.9530997650582249,1.0592739004963052,-2.539632182272409,-1.2231777221268842
-1.6528045348100857,-0.012845245624624281,-0.47199438183657183,0.6618359574270309,-1.7010325820920187,0.10008372048986683,1.2038250076823585,-0.15329834679379914,0.02446344409419789,-0.9940900297146685,-0.8952442395062111,1.1422533103630668,-1.0876350694692334,1.0340978127092986,0.9073163935566666,-0.5440791048374539,-0.15671296585411776,-0.0951437192919578,-2.0499849017963894,1.2294746473373186
0.11094167425437625,-1.2636510383224195,-1.364430361085818,1.3228234072163352,-1.0372019026512174,-1.303659430983453,-0.03648017696645627,0.6946363956556668,-1.188256198139077,-1.4783181977739308,0.21034577631956916,1.2738477569265305,1.290351252375505,0.3713677516444928,0.36753063506604683,-0.24131091291433468,0.9530997650582249,0.327306206789979,-0.977324701467493,1.2294746473373186
-1.2118679825439702,1.237960547073171,0.4204415974126744,-1.321126391940881,0.564421323936113,1.6814717869139044,-1.5607804739881306,-0.8328076951950835,-0.6569694977321184,0.2741266009167327,-1.195527947508275,-1.0158956132777386,0.01328452397740475,0.9926771838927483,0.38752270019532903,1.7456053465811352,-1.2665256967664604,-0.5468723531221477,0.7640154404891748,0.0031484626052172586
-0.7709314302778547,-1.2636510383224195,0.4204415974126744,-1.321126391940881,1.4003562536023073,1.6884382541668739,0.16057765610858907,-0.31591596863342275,0.09376170936467074,0.5969453796229075,-1.3456698015093067,-0.779025609463504,-1.2637822044206954,0.619891524543795,0.4075147653246113,-0.6765401888038186,-0.15671296585411776,-0.617977786225048,1.13241857553205,0.0031484626052172586
1.4337513310527226,-0.012845245624624281,-1.364430361085818,0.0008485076377269405,-1.2057938212393573,1.3505645923978613,1.2594648664329595,0.8049840676182686,0.694346675042102,-1.6858445555136146,0.5788757815948292,-0.48951782702388363,-0.7793775833041747,-1.175002390840054,0.10763378838537807,-0.4494640448614792,0.9530997650582249,0.11817258001674295,-1.1398275631493155,1.2294746473373186
-1.2118679825439702,1.237960547073171,-0.47199438183657183,-0.6601389421515771,-1.135547188494299,1.5212430400956098,1.68024129823438,0.7062519400727828,0.24390795078402855,1.7268111050945194,-1.195527947508275,-0.7527067201508112,-1.2637822044206954,1.2550078330642338,1.2071973704958998,-0.22238790091913974,0.9530997650582249,0.8877843265422516,-1.4155439910338288,-1.2231777221268842
-0.7709314302778547,-0.012845245624624281,-0.47199438183657183,-0.6601389421515771,1.3476712790435137,0.8385292493046157,-0.6821343712182225,0.3345545187250717,-0.18343135171722064,-0.486803377462108,-0.7451023855051792,-1.4896356209062083,0.9820937662104463,-0.8574442365798346,-0.7920091424323215,-0.9793083807269378,0.9530997650582249,-0.9274955538494373,1.1919498350891815,0.0031484626052172586
-1.6528045348100857,-1.2636510383224195,-0.47199438183657183,-0.6601389421515771,-0.27502593736733427,0.13491605675471346,1.502889248466839,1.2289514388430016,-1.6733440550323868,-1.731961523900211,0.4014354086845188,-1.5949111781569791,-0.16286261097405735,-1.6996636891830252,1.4670942171765686,-0.7143862127942084,0.9530997650582249,-0.5468723531221477,0.23352908795424424,0.0031484626052172586
0.9928147787866072,1.237960547073171,-0.47199438183657183,-0.6601389421515771,-1.7502052250135596,0.1697483930195601,0.8433250895274226,0.9153317395808703,-0.9688116914492462,0.18189266414353988,-0.40387089913919766,1.010658863799603,-0.5151568808769815,-0.5398860823196151,-0.5121202306223706,0.7994547468213876,-0.15671296585411776,0.23528741100975514,-2.4053110922311927,1.2294746473373186
-0.3299948780117392,-0.012845245624624281,1.3128775766619205,1.3228234072163352,0.8840435029261285,0.9674088934845483,-0.9278770807000437,0.624943129152971,1.283381929841121,-0.8096221561682828,-0.786050163869097,-1.3843600636554372,0.3215420101424634,-1.1888092671122374,0.6274274817467156,0.7994547468213876,-0.15671296585411776,0.2854794814353318,0.6822710344793024,1.2294746473373186
-1.6528045348100857,-0.012845245624624281,1.3128775766619205,0.0008485076377269405,1.5338248558179182,1.7128208895522665,-0.32047528933931574,1.478685643810995,1.4104287495036547,0.3202435693033291,-0.1308857100464124,1.4843988714280727,-1.2637822044206954,0.2609127414670252,-1.59169174760361,-0.9982313927221327,-0.15671296585411776,1.2349461469858234,0.7277644779220286,-1.2231777221268842
-0.7709314302778547,-0.012845245624624281,-1.364430361085818,0.0008485076377269405,-0.44361785595547426,-0.6244288738189434,-1.1284124049470017,-0.07779730808254531,-0.460624412799112,0.04354175898375066,-1.4685131366010602,0.8264266386107538,-0.4270833134012505,-0.4708517009586979,-0.6720567516566283,-1.0739234407029126,-0.15671296585411776,-1.0948024552680262,0.309452898139912,0.0031484626052172586
1.4337513310527226,-0.012845245624624281,-1.364430361085818,-0.6601389421515771,1.621633146749241,-1.4429887760428395,-0.6044704017121751,-0.9431553671576852,-0.6800689194889427,-0.0025752094028457496,0.22399503577420843,1.537036650053458,0.8059466312589841,1.2550078330642338,-1.031913923983708,1.7266823345859401,-0.15671296585411776,0.00942309409466021,1.0559815927853102,1.2294746473373186
1.4337513310527226,-1.2636510383224195,-0.47199438183657183,0.6618359574270309,1.1404437124455915,0.49717235390911857,-0.718068446661319,1.2579902998857915,0.6712472532852778,0.18189266414353988,-1.4821623960556993,1.6949499859296147,0.2775052264045979,-1.4925605451002735,0.8873243284273844,1.026530890763727,0.9530997650582249,0.9839857948579401,0.6165974762932102,-1.2231777221268842
-0.3299948780117392,-0.012845245624624281,-1.364430361085818,0.6618359574270309,1.1474683757200974,0.4449238495118486,1.4576818632319757,-0.8153843785694096,1.6760720997071339,0.20495114833683808,0.619823559958747,-1.094852281215817,-0.16286261097405735,-0.9540923704851187,0.947300523815231,-1.3956146446212268,0.9530997650582249,-0.34192139888437634,0.9678992638700356,1.2294746473373186
-0.3299948780117392,-0.012845245624624281,1.3128775766619205,0.0008485076377269405,0.08674422126971626,0.12446635587525948,-0.4108900598090424,1.3625301996398353,-1.107408221990192,0.8967056741357842,0.9474057868700894,-1.5685922888442865,-1.3518557718964266,-1.07835425693477,-1.3717790311815057,-0.5819251288278439,2.0629124959705676,-0.08677837422102837,0.33625643071059885,1.2294746473373186
-1.6528045348100857,-0.012845245624624281,-0.47199438183657183,-0.6601389421515771,-0.9739799331806648,-1.4011899725250236,-1.1770972813537774,0.13709026363410018,-0.3451273040149906,-0.4637448932688098,-1.0999831313258,-0.3052856018350344,-0.9995615019935024,1.351655966969518,0.8673322632981022,-0.6197711528182337,0.9530997650582249,-0.13697044464660502,-0.6635855952460005,1.2294746473373186
-1.6528045348100857,1.237960547073171,-1.364430361085818,-1.321126391940881,0.03405924671092249,-0.5791468366746427,-1.476161522138258,1.548378910313691,0.9715397361239934,-1.386084261000738,-0.33562460186600135,0.7474699706726756,1.7307190897541602,-0.11187291788192807,0.9273084586859488,0.9697618547781421,-1.2665256967664604,1.7703282315253077,-0.33781432419954893,-1.2231777221268842
1.4337513310527226,1.237960547073171,-1.364430361085818,1.3228234072163352,-0.9950539230041823,1.7023711886728126,-0.31815696189137405,-0.8153843785694096,0.4056039030817985,-1.4552597135806327,1.5889209812381346,0.4842810775457481,1.290351252375505,1.4344972246026189,-1.671660008120739,1.026530890763727,0.9530997650582249,0.29384482650626126,-0.8988774786113287,1.2294746473373186
-0.7709314302778547,-1.2636510383224195,0.4204415974126744,-0.6601389421515771,-0.9564182749944002,-0.9866851709733485,-1.3509718399494057,1.2579902998857915,-1.765741742059684,0.3894190218832237,1.2203909759628746,-0.2000100445842634,0.01328452397740475,-1.023126751846036,1.6870069335986728,-0.3926950088758943,0.9530997650582249,0.6368239744143683,-1.005771293661937,-1.2231777221268842
0.5518782265204917,1.237960547073171,-0.47199438183657183,0.6618359574270309,-0.18019298316150548,-0.6244288738189434,-1.2281004852084951,-1.082541900163077,0.6827969641636898,1.311758389615152,0.12845021959173358,-1.5685922888442865,-0.6913040158284437,0.12284397874519064,0.04765759299753144,1.0643769147541169,-1.2665256967664604,-0.28754665592333495,0.21196185066172765,1.2294746473373186
-0.3299948780117392,1.237960547073171,1.3128775766619205,-1.321126391940881,1.0701970797005331,0.7967304457867997,-0.5754913086129038,1.03148718375203,0.19770910727038,1.7268111050945194,0.7290176355958611,0.9580210851742176,1.642645522278429,0.9788703076205648,-0.25222338394170174,0.9319158307877523,-1.2665256967664604,2.10912470689795,0.28262141396014706,-1.2231777221268842
-0.3299948780117392,-0.012845245624624281,-1.364430361085818,1.3228234072163352,0.908629824386899,1.3714639941567695,1.1238427107283695,0.653981990195761,0.9599900252455813,0.2510681167234345,-0.3083260829567228,1.5896744286788436,0.9380569824725807,0.8131877923543633,-0.1322709931660085,1.4806831786484058,-0.15671296585411776,1.6573960730677602,0.31496564325718474,-1.2231777221268842
0.9928147787866072,-0.012845245624624281,1.3128775766619205,-0.6601389421515771,-0.4330808610437155,-0.9971348718528025,0.1698509659003559,0.5610576348588332,1.2140836645706483,-0.0025752094028457496,1.5479732028742168,-0.12105337664618515,-1.6160764743236196,-0.291362309420313,1.2471815007544642,-1.1685385006788873,-0.15671296585411776,1.0592739004963052,-0.5309708832891579,-1.2231777221268842
0.11094167425437625,-0.012845245624624281,-0.47199438183657183,0.0008485076377269405,-1.6097119595234428,0.7723478104014071,0.05973041212312468,1.6471110378591767,0.6134986988932171,-0.4637448932688098,-0.9225427584154896,0.14213551648074235,1.7307190897541602,0.1366508550173741,1.607038673081544,-1.3956146446212268,0.9530997650582249,1.2976862350177942,-2.699199171443006,-1.2231777221268842
-0.3299948780117392,1.237960547073171,-0.47199438183657183,-1.321126391940881,1.3757699321415369,0.5738034936917812,1.7289261746411557,1.2463747554686755,0.4864518792306835,1.5192847473548357,-1.0044383151433252,-1.6475489567823647,1.114204117424043,1.655407244957554,-1.0519059891129903,0.6102246268694381,0.9530997650582249,1.301868907553259,0.6432187093599756,-1.2231777221268842
-1.6528045348100857,1.237960547073171,0.4204415974126744,-0.6601389421515771,-0.8791469789748361,0.16626515939307546,-1.1284124049470017,-1.3613149661738602,-0.945712269692422,-0.486803377462108,-1.1409309096897178,-0.2526478232096489,-1.6601132580614852,-1.4235261637393561,1.5270704125644152,1.4049911306676262,-1.2665256967664604,-1.7598473884069168,0.20486723018062178,0.0031484626052172586
-1.2118679825439702,1.237960547073171,1.3128775766619205,1.3228234072163352,-1.3146761019941977,1.6710220860344505,1.3811770574498994,0.8979084229551964,0.6481478315284535,-1.1093824506811596,-1.209177206962914,-0.48951782702388363,1.6866823060162948,-0.04283853652101081,0.22758617916107135,0.8562237828069724,0.9530997650582249,0.6159106117370448,-1.6039042797397498,-1.2231777221268842
-0.7709314302778547,-1.2636510383224195,0.4204415974126744,1.3228234072163352,-0.7667523665827427,-0.8787049285523238,0.1362352179052011,-0.7805377453180616,-0.8533145826651248,-1.4091427451940362,1.2067417165082353,1.036977753112296,-0.383046529663385,-0.8298304840354677,0.8673322632981022,0.28853342295112394,-0.15671296585411776,-0.6347084763669069,-0.18534710148735872,0.0031484626052172586
-1.2118679825439702,-0.012845245624624281,-1.364430361085818,-1.321126391940881,1.0842464062495447,-1.3210755991158762,-1.3764734418767646,0.7759452065754786,0.278557083419265,-0.7635051877816864,-0.9361920178701288,-1.515954510218901,0.3215420101424634,1.020290936437115,-0.552104360880935,-0.3926950088758943,0.9530997650582249,0.13072059762313712,0.8166190590208441,1.2294746473373186
0.9928147787866072,1.237960547073171,0.4204415974126744,0.6618359574270309,-0.27853826900458717,-1.449955243295809,-0.9510603551794609,1.513532277062343,1.3757796168684182,1.657635652514625,-0.4175201585938369,-1.3843600636554372,1.1582409011619084,-0.9402854942129353,-1.3917710963107879,1.7077593225907453,0.9530997650582249,1.452445118829989,-0.5203586241498951,-1.2231777221268842
-0.7709314302778547,1.237960547073171,-1.364430361085818,-0.6601389421515771,-1.2549664641608982,1.10325500491745,-1.0101777051019745,-0.0429506748311974,-0.714718052124179,0.5047114428497147,1.3705328299639064,-1.621230067469672,0.5857627125696566,0.48182276182196043,1.4670942171765686,1.3482220946820411,0.9530997650582249,0.7706694955492395,-1.572094343001624,-1.2231777221268842
0.11094167425437625,1.237960547073171,1.3128775766619205,0.0008485076377269405,0.055133236534439994,-1.1747797868035204,0.08523201405048349,-1.6052413989332956,-0.541472388947997,1.4731677789682394,0.824562451778336,1.4580799821153798,0.45365236135606,-1.630629307822108,-0.19224718855385511,0.28853342295112394,0.9530997650582249,-1.0278796947005906,0.6355083099426218,0.0031484626052172586
-0.7709314302778547,1.237960547073171,-0.47199438183657183,-0.6601389421515771,0.3782677471617084,-0.16812526874945236,0.919829895309499,-0.5830734902270901,0.19770910727038,-1.386084261000738,1.6708165379659703,1.537036650053458,-0.0747890434983263,0.5646640194550612,0.4674909607124579,0.648070650859828,-1.2665256967664604,0.5615358687760034,0.31840007925559394,-1.2231777221268842
-0.7709314302778547,-0.012845245624624281,1.3128775766619205,-0.6601389421515771,-0.19424230971051715,-0.6418450419513667,0.560489140878534,-1.5645869934733898,-0.8995134261787734,-1.5936106187404218,-1.4412146176917815,0.11581662716804961,0.6297994963075221,-1.5339811739168239,-1.1118821845008369,0.4209945069174886,2.0629124959705676,-2.7093140539574083,1.088187032685029,0.0031484626052172586
0.11094167425437625,1.237960547073171,-0.47199438183657183,-1.321126391940881,-0.8264620044160423,-0.7080264808545753,-1.1747789539058358,-1.7155890708958974,-0.09103366468992352,-1.4091427451940362,-1.1545801691443571,-0.9895767239650459,0.9820937662104463,-1.147388638295687,-0.2122392536831373,1.4428371546580159,0.9530997650582249,-2.0149904130702647,0.3704047478654895,0.0031484626052172586
0.5518782265204917,-0.012845245624624281,-0.47199438183657183,-0.6601389421515771,0.6768159363282064,0.887294520075401,1.6640130060987879,0.3810166963935356,-0.07948395381151137,1.6345771683213266,-0.15818422895569093,-0.8579822774015822,0.36557879388032893,0.2885264940113921,1.3071576961423108,-1.282076572650057,2.0629124959705676,0.4695170729957795,0.5229600763898153,-1.2231777221268842
-1.2118679825439702,1.237960547073171,-1.364430361085818,-0.6601389421515771,-1.7466928933763066,1.343598125144892,0.20230755017153984,-1.5355481324306,-0.8417648717867127,-1.386084261000738,0.42873392759379736,0.6158755241092119,-0.030752259760460775,0.20568523637829136,-0.4521440352345239,0.4588405309078785,-1.2665256967664604,-1.366676170073233,-1.3124297124773372,0.0031484626052172586
-0.7709314302778547,-0.012845245624624281,-1.364430361085818,0.0008485076377269405,1.3160602943082373,0.7549316422689838,0.7158170798906286,-0.8792698728635474,0.05911257672943431,0.11271721156364527,-1.3047220231453889,0.45796218823305535,1.0701673336861774,0.7855740398099964,1.1472211751080532,-0.5630021168326489,-0.15671296585411776,-0.46321890241285324,1.0635664761256969,0.0031484626052172586
-1.2118679825439702,-0.012845245624624281,1.3128775766619205,-1.321126391940881,0.3326074358774205,-1.7216474661616128,-0.8455764562981131,-1.2800061552540485,0.6134986988932171,0.8275302215558896,1.4251298677824635,1.7212688752423073,0.7178730637832531,1.2135872042476834,1.1072370448494888,1.6131442626147705,0.9530997650582249,1.184754076560247,0.09123347401063929,-1.2231777221268842
0.9928147787866072,-0.012845245624624281,-1.364430361085818,-0.6601389421515771,0.03405924671092249,1.2425843499768368,-0.8270298367145793,0.7817529787840366,-0.2527296169876935,0.6200038638162058,1.083898381416482,-1.1474900598412023,0.6297994963075221,0.6060846482716116,0.3075544396782002,-0.03315778096719023,-0.15671296585411776,1.0341778652835167,-0.08515455970318794,-1.2231777221268842
-0.7709314302778547,-1.2636510383224195,-1.364430361085818,-0.6601389421515771,1.5654358405531945,1.6396729833960886,1.0334279402586428,-0.02552735820552344,0.34785534868973783,0.22800963253013629,-1.618654990602092,1.326485535551916,1.5986087385405636,-0.08425916533756117,-1.691652073250021,-0.4305410328662842,-0.15671296585411776,-0.4590362298773885,1.1493134585405,0.0031484626052172586
0.11094167425437625,1.237960547073171,-1.364430361085818,1.3228234072163352,1.0385860949652568,0.7096496051246831,-1.1133432765353806,-0.11845171354245122,1.4912767256525397,-1.2938503242275452,1.247689494872153,-0.5947933842746547,1.5545719548026982,1.020290936437115,0.06764965812681364,-1.6226907885635662,-0.15671296585411776,0.6200932842725094,0.6650251114966359,-1.2231777221268842
-0.3299948780117392,-1.2636510383224195,0.4204415974126744,-1.321126391940881,-0.19424230971051715,-0.8891546294317779,0.968514771716275,-0.0429506748311974,-0.04483482117627496,-0.8557391245548793,0.9883535652340071,-0.9369389453396604,-1.3518557718964266,1.6692141212297376,-0.37217577471739505,-1.4523836806068116,-1.2665256967664604,-0.07004768407916949,0.12132904434824225,1.2294746473373186
1.4337513310527226,-0.012845245624624281,-0.47199438183657183,1.3228234072163352,0.2904594562303855,-1.7460301015470054,1.6825596256823216,-0.15329834679379914,1.4104287495036547,0.5508284112363111,-0.5949605315041473,-0.22632893389695616,-1.1757086369449643,0.48182276182196043,1.0072767192030776,1.1589919747300916,0.9530997650582249,0.7832175131556336,0.18985996101066607,-1.2231777221268842
-1.2118679825439702,-1.2636510383224195,-1.364430361085818,1.3228234072163352,1.0491230898770156,1.0335903323877569,-0.4039350774652173,-0.14749057458524115,-1.0843088002333676,-1.2016163874543524,0.7153683761412218,1.4580799821153798,-0.9555247182556368,-0.9540923704851187,1.2071973704958998,-1.4523836806068116,-1.2665256967664604,-0.7141792545407365,1.0276132703430476,0.0031484626052172586
-1.6528045348100857,1.237960547073171,-1.364430361085818,-0.6601389421515771,-0.10292168714194129,1.148537042061751,-1.381110096772648,-1.070926355745961,0.7174460967989263,-0.6251542826218972,-1.2910727636907497,1.4317610928026872,1.5105351710648325,-0.6503410924970828,0.6074354166174334,0.8183777588165826,-1.2665256967664604,-0.5385070080512182,0.36015798550079176,0.0031484626052172586
-1.2118679825439702,-0.012845245624624281,-0.47199438183657183,-1.321126391940881,0.9964381153182219,-0.9553360683349865,0.03654713764370759,-0.29849265200774877,-0.7955660282730641,-0.5329203458487044,0.1966965168649299,1.6686310966169218,0.3215420101424634,1.2550078330642338,-1.3917710963107879,-1.0928464526981074,0.9530997650582249,-0.3962961418454177,0.9204159785364505,1.2294746473373186
0.11094167425437625,1.237960547073171,0.4204415974126744,-0.6601389421515771,0.03405924671092249,-1.4151229070309623,-1.0009043953102075,1.6064566323992706,-1.038109956719719,0.20495114833683808,-1.727849066239206,0.010541069917278602,1.1582409011619084,1.2412009567920503,1.5670545428229796,-0.525156092842259,-0.15671296585411776,0.9881684673934049,-0.06936332442216532,-1.2231777221268842
0.5518782265204917,-0.012845245624624281,-0.47199438183657183,1.3228234072163352,0.03405924671092249,1.0092076970023642,-1.2025988832811363,1.3276835663884874,0.4633524574738592,-1.6397275871270183,-0.4175201585938369,1.5107177607407654,-0.0747890434983263,-1.2854574010175217,-0.2122392536831373,-1.263153560654862,0.9530997650582249,0.21855672086789626,0.19478097482403012,1.2294746473373186
0.5518782265204917,-0.012845245624624281,-1.364430361085818,-1.321126391940881,0.4976870228283076,0.7444819413895297,1.5898265277646533,-0.4204558683874665,0.07066228760784644,-0.1870430829492314,-0.8679457205969325,1.115934421050374,1.5105351710648325,-0.7055685975858166,-0.5121202306223706,0.4209945069174886,-1.2665256967664604,-0.48413226509017687,0.7107400061043568,0.0031484626052172586
0.9928147787866072,1.237960547073171,-1.364430361085818,-0.6601389421515771,1.4741152179846186,1.2634837517357447,1.5573699434934691,0.3287467465165137,0.20925881814879213,-1.1554994190677559,0.14209947904637285,-0.2000100445842634,0.2775052264045979,1.6277934924131872,1.6270307382108262,-0.6954632007990135,0.9530997650582249,0.8208615659748161,0.804308699771631,-1.2231777221268842
-1.2118679825439702,-1.2636510383224195,-0.47199438183657183,-1.321126391940881,0.37475541552445546,1.1973023128325362,0.6903154779632698,-0.4611102738473724,1.5259258582877762,-0.71738821939509,0.22399503577420843,-1.4633167315935154,-0.11882582723619182,1.1307459466145828,-0.032310667519597415,-1.4523836806068116,0.9530997650582249,-0.07004768407916949,0.5142627455805475,1.2294746473373186
-1.2118679825439702,1.237960547073171,0.4204415974126744,-0.6601389421515771,-1.0266649077394585,1.0719059022790882,-1.308082782162484,1.5541866825222488,-0.8071157391514762,1.219524452841959,-0.5130649747763117,-1.4633167315935154,0.14539487519100133,0.21949211265047483,-1.0119218588544259,1.2725300467012615,0.9530997650582249,0.808313548368422,-1.1951080249930046,-1.2231777221268842
0.9928147787866072,-1.2636510383224195,-0.47199438183657183,-0.6601389421515771,0.03405924671092249,-0.8369061250345079,0.52803255660735,0.45070996289623144,0.5788495662579807,-0.3253939881090206,0.305890592502044,-0.5947933842746547,1.5105351710648325,0.21949211265047483,-0.3521837095881128,-0.9603853687317429,-0.15671296585411776,0.39841163989287925,0.1330516005436692,1.2294746473373186
0.11094167425437625,-1.2636510383224195,0.4204415974126744,-0.6601389421515771,-1.1847198314158398,0.5041388211620879,1.3475613094547445,0.9501783728322183,-1.7541920311812718,0.6891793163961003,1.3295850515999887,1.2212099783011452,0.9380569824725807,0.08142334992864028,-1.311802835793659,-1.641613800558761,0.9530997650582249,0.25201810115161405,-1.1740120430510663,1.2294746473373186
1.4337513310527226,-0.012845245624624281,0.4204415974126744,0.6618359574270309,0.04810857325993416,0.3334603734643393,-1.2338963038283495,-1.0767341279545188,-0.1718816408388085,-0.3484524723023188,1.0702491219618426,0.03685995922997135,0.7619098475211187,1.4344972246026189,0.7073957422638445,-0.9793083807269378,-0.15671296585411776,-0.1286050995756756,0.3237626294818073,1.2294746473373186
1.4337513310527226,-0.012845245624624281,1.3128775766619205,0.0008485076377269405,-1.1390595201315519,1.6361897497696039,0.8549167267671312,-1.3206605607139543,0.05911257672943431,0.8505887057491878,-1.2228264664175534,-0.4631989377111909,0.36557879388032893,0.7579602872656295,-0.8519853378201682,0.4588405309078785,0.9530997650582249,-1.03624503977152,-0.4444216631147696,0.0031484626052172586
-0.7709314302778547,-1.2636510383224195,0.4204415974126744,0.6618359574270309,-1.476243357307832,-0.3980186880974402,1.4194294603409374,0.5145954571903693,0.6481478315284535,1.219524452841959,-1.4958116555103387,-1.6475489567823647,-1.3518557718964266,-0.48465857723088135,-0.8120012075616037,-0.05208079296238518,0.9530997650582249,-0.3502867439553058,-1.376470861751776,1.2294746473373186
-1.2118679825439702,-1.2636510383224195,-1.364430361085818,-0.6601389421515771,-0.03969971767138877,0.918643622713763,-0.17905731501487143,-1.1115807612058668,0.5442004336227442,1.4731677789682394,-0.2810275640474443,1.7212688752423073,-0.2509361784497884,1.2826215856086007,0.6274274817467156,-1.1685385006788873,-0.15671296585411776,0.08889387226848991,0.18484582787679332,1.2294746473373186
-0.3299948780117392,1.237960547073171,0.4204415974126744,-1.321126391940881,-1.4130213878372795,1.427195732180524,0.5141225919196998,-1.4135849160508822,-0.703168341245767,0.4585944744631183,0.3468383708659618,0.03685995922997135,0.9380569824725807,-0.7607961026745504,0.7073957422638445,0.09930330299917443,-1.2665256967664604,-1.0487930573779143,-0.853661343379619,0.0031484626052172586
0.5518782265204917,1.237960547073171,0.4204415974126744,0.0008485076377269405,1.154493038994603,1.2774166862416834,1.5735982356290612,-0.24041492992216892,-0.5530220998264092,0.08965872737034707,-1.209177206962914,-0.33160449114772717,-1.395892555634292,0.20568523637829136,-0.8519853378201682,-0.127772840943165,-0.15671296585411776,-1.0571584024488436,1.1581293323139306,0.0031484626052172586
0.9928147787866072,-0.012845245624624281,0.4204415974126744,0.6618359574270309,-0.21882863117128756,1.3784304614097387,0.08175452287857092,-1.6110491711418538,0.10531142024308288,0.7122378005893986,-1.4275653582371424,1.3791233141773016,-1.7041500417993507,1.4483041008748023,-0.652064686527346,0.5156095668934634,-1.2665256967664604,-0.9567742615976903,0.4285685797901957,0.0031484626052172586
0.5518782265204917,-0.012845245624624281,-0.47199438183657183,-1.321126391940881,0.9999504469554747,0.4727897185237259,1.2258491184378046,0.8224073842439426,0.24390795078402855,-0.11786763036933677,0.019256143954619494,-1.4896356209062083,-1.395892555634292,0.026195844839906463,0.1476179186439425,-0.6576171768086236,-0.15671296585411776,0.1892780131196432,0.7632709451969484,1.2294746473373186
-0.3299948780117392,-0.012845245624624281,-0.47199438183657183,-1.321126391940881,-0.9142702953473653,1.2634837517357447,-0.9232404258041603,-0.7863455175266196,0.44025303571703495,-0.71738821939509,-1.2364757258721926,1.4843988714280727,1.642645522278429,-1.6858568129108418,1.0072767192030776,-1.2063845246692773,0.9530997650582249,-1.0906197827325614,-0.14129277890797154,0.0031484626052172586
-1.6528045348100857,1.237960547073171,-1.364430361085818,1.3228234072163352,-0.09940935550468837,0.6051525963301432,1.4020420044813746,-0.9838097726175912,-0.13723250820357208,-0.9479730613280721,1.3568835705092672,-0.5158367163365765,0.9380569824725807,-0.4984654535030648,1.127229109978771,-1.0739234407029126,-0.15671296585411776,-0.6598045115796951,0.4058990237799737,0.0031484626052172586
0.11094167425437625,1.237960547073171,0.4204415974126744,-0.6601389421515771,1.3406466157690078,-0.8996043303112319,1.3093089065637062,-0.6004968068527641,1.1678848210569999,-0.9940900297146685,-0.2946768235020835,1.010658863799603,-0.8234143670420402,-0.20852105178721225,1.1472211751080532,1.6320672746099654,-0.15671296585411776,0.33985422439637314,0.8700155060864604,1.2294746473373186
-1.2118679825439702,-0.012845245624624281,0.4204415974126744,0.0008485076377269405,-1.3181884336314507,0.3822256442351246,0.21505835113521923,1.1708737167574217,-1.0958585111117798,-1.2938503242275452,-0.39022163968455836,-0.6474311629000402,1.6866823060162948,-0.8712511128520181,-1.4917314219571989,-0.6765401888038186,-0.15671296585411776,-0.5761510608704007,-0.9574672931339377,0.0031484626052172586
0.9928147787866072,-1.2636510383224195,-0.47199438183657183,0.6618359574270309,-0.13804500351447047,1.2843831534946528,-1.4402274466951617,0.8688695619124064,-0.5992209433400577,0.9658811267156788,-1.0180875745979645,0.8790644172361394,0.541725928831791,-0.7331823501301835,-1.0519059891129903,0.042534267013589575,-0.15671296585411776,0.030336456771983815,0.12973852884723375,1.2294746473373186
0.9928147787866072,-1.2636510383224195,1.3128775766619205,0.6618359574270309,-0.5454754734358089,1.395846629542162,0.7888443945007925,1.3567224274312772,-1.0612093784765433,-0.2331600513358278,1.4660776461463814,-0.6211122735873474,1.7747558734920257,0.7855740398099964,0.287562374548918,1.045453902758922,0.9530997650582249,1.598838657571254,-0.8767410538691709,-1.2231777221268842
-0.3299948780117392,-0.012845245624624281,0.4204415974126744,0.0008485076377269405,-0.27853826900458717,1.1311208739293275,-0.9522195189034317,0.11385917479986823,1.5836744126798368,0.22800963253013629,-1.3047220231453889,1.2212099783011452,0.40961557761819445,-0.7331823501301835,-0.1522630582952907,-1.3199225966404469,0.9530997650582249,-0.015672941118128114,0.03118280094411369,1.2294746473373186
-1.6528045348100857,-1.2636510383224195,-0.47199438183657183,-0.6601389421515771,0.20265116529906252,1.406296330421616,1.0519745598421766,-1.1348118500400988,-0.24117990610928133,1.1503490002620644,-1.5367594338742565,1.1685721996757596,-0.20689939471192287,-0.567499834863982,0.8273481330395377,-1.0550004287077175,-0.15671296585411776,-1.2328306489383618,0.7891882131969041,0.0031484626052172586
-0.7709314302778547,-1.2636510383224195,-0.47199438183657183,-1.321126391940881,1.0842464062495447,0.0931172532368975,-1.158550661770244,0.7178674844898988,-0.21808048435245705,0.13577569575694348,1.1657939381443174,1.5107177607407654,-1.307818988158561,-0.2775554331481295,0.5274671561003046,-1.282076572650057,2.0629124959705676,0.6786506997690156,0.6708695976029375,-1.2231777221268842
-1.2118679825439702,-1.2636510383224195,-1.364430361085818,-0.6601389421515771,-0.3066369221026105,0.6678508016068672,-0.4085717323611007,0.45070996289623144,1.3642299059900063,-1.040206998101265,0.7972639328690574,-0.015777819395414148,0.9820937662104463,1.2688147093364173,-1.2918107706643769,1.1779149867252867,0.9530997650582249,1.3395129603724414,-0.5065095842346993,-1.2231777221268842
1.4337513310527226,-0.012845245624624281,-1.364430361085818,-1.321126391940881,-1.5043420104058554,0.5250382229209959,-0.8200748543707542,1.3741457440569513,-1.3384024395584346,0.04354175898375066,1.4114806083278242,-0.6737500522127329,0.6738362800453876,1.2135872042476834,-0.8919694680787326,-0.4305410328662842,-1.2665256967664604,0.9881684673934049,-2.232912904449808,-1.2231777221268842
0.11094167425437625,1.237960547073171,1.3128775766619205,-1.321126391940881,-0.07833536568117087,1.46899453569834,-1.517891416201209,-0.7979610619437356,-1.1767064872606647,-1.2477333558409487,1.2749880137814316,-0.17369115527157064,1.6866823060162948,1.5725659873244533,0.18760204890250692,0.32637944694151383,0.9530997650582249,-0.11605708196928141,0.22801477878948323,1.2294746473373186
0.5518782265204917,-0.012845245624624281,-1.364430361085818,-1.321126391940881,1.330109620857249,0.5459376246799039,0.3089506127768585,-0.5249957681415103,0.41715361396021067,1.0119980951022751,-0.8269979422330148,1.6686310966169218,0.6297994963075221,0.8546084211709137,1.6870069335986728,-0.48731006885186906,-1.2665256967664604,0.5322571610277503,0.817140760163373,-1.2231777221268842
0.11094167425437625,-0.012845245624624281,0.4204415974126744,-0.6601389421515771,0.9121421560241518,0.1523322248871368,0.38777374600687664,-1.1754662555000046,-1.6271452115187381,-0.6020957984285991,-0.786050163869097,-0.4631989377111909,0.45365236135606,-0.4984654535030648,-0.3521837095881128,0.023611255018394624,-0.15671296585411776,-2.035903775747588,1.336976275598106,0.0031484626052172586
0.11094167425437625,-0.012845245624624281,-0.47199438183657183,1.3228234072163352,0.2167004918480742,-0.9936516382263179,0.018000518060173908,-0.9838097726175912,0.2670073725408528,0.13577569575694348,0.8928087490515323,0.6421944134219046,-1.7041500417993507,0.5508571431828777,-1.311802835793659,1.4049911306676262,-0.15671296585411776,-0.1704318249303228,0.4497148257992745,1.2294746473373186
0.5518782265204917,-1.2636510383224195,1.3128775766619205,0.0008485076377269405,0.03405924671092249,-0.05317855907545842,0.7424778455419583,-0.8792698728635474,-0.9803614023276583,0.020483274790452453,0.10115170068245506,-1.1474900598412023,0.3215420101424634,0.35756087537230935,-0.6320726213980637,-1.3766916326260317,-1.2665256967664604,-1.4335989306406685,0.7618298780971128,0.0031484626052172586
-1.6528045348100857,-1.2636510383224195,1.3128775766619205,-1.321126391940881,-1.2549664641608982,-0.7045432472280907,1.3290146898712107,-0.4088403239703505,-0.8879637153003612,-0.8326806403615811,0.5242787437762721,-0.7263878308381184,0.057321307715270275,-1.7410843179995756,-1.1718583798886835,-0.014234768971995278,-0.15671296585411776,-1.4921563461371745,-0.3655469639197376,0.0031484626052172586
1.4337513310527226,1.237960547073171,-0.47199438183657183,-1.321126391940881,-0.050236712583147526,-0.742858817119422,-1.2883769988549796,-0.6934211621896919,-0.9919111132060705,-1.178557903261054,0.25129355468348696,-1.6475489567823647,0.6738362800453876,-1.3821055349228057,1.1872053053666176,-0.014234768971995278,0.9530997650582249,-1.366676170073233,0.6883790862676538,0.0031484626052172586
-1.2118679825439702,1.237960547073171,-1.364430361085818,-1.321126391940881,-0.7070427287494431,0.37874241060864,0.656699729968115,0.9037161951637543,-1.1536070655038404,1.7268111050945194,-0.840647201687654,-0.22632893389695616,1.3343880361133704,-0.5260792060474317,0.7873640027809733,-1.2063845246692773,0.9530997650582249,0.11817258001674295,-0.4472153852307112,1.2294746473373186
-1.6528045348100857,-0.012845245624624281,1.3128775766619205,-0.6601389421515771,-1.686983255543007,0.49717235390911857,0.7876852307768216,0.2532457078052599,-0.9226128479355976,0.5047114428497147,-0.8679457205969325,1.4317610928026872,-1.3518557718964266,-1.023126751846036,-0.831993272690886,0.1939183629751492,-0.15671296585411776,-0.6681698566506246,-1.6385176383318558,0.0031484626052172586
-1.6528045348100857,-0.012845245624624281,1.3128775766619205,-0.6601389421515771,-0.327710911926128,1.301799321627076,1.3985645133094622,0.2648612522223759,-0.4144255692854634,0.4816529586564165,0.6880698572319434,0.3263677416695916,-0.6032304483527126,0.5922777719994281,0.947300523815231,-1.3199225966404469,0.9530997650582249,0.41932500257020283,-0.1773498525560267,1.2294746473373186
-1.2118679825439702,1.237960547073171,-0.47199438183657183,-0.6601389421515771,1.1369313808083386,1.1102214721704196,-1.6256936425304984,-0.8095766063608516,0.9253408926103448,0.3894190218832237,-0.6495575693227044,0.6948321920472901,-0.5591936646148471,-1.1197748857513201,-0.41215990497595945,0.8562237828069724,-1.2665256967664604,-0.5552376981930771,1.0197961128908302,0.0031484626052172586
0.11094167425437625,1.237960547073171,1.3128775766619205,1.3228234072163352,-1.739668230101801,1.6640556187814812,0.04466128371150357,-0.18814498004514704,1.2256333754490605,0.527769927043013,0.21034577631956916,-1.2264467277792808,-0.16286261097405735,-0.20852105178721225,-1.671660008120739,-0.41161802087108923,-0.15671296585411776,-0.24571993056868777,-2.0513615971355827,1.2294746473373186
-0.3299948780117392,1.237960547073171,1.3128775766619205,-0.6601389421515771,0.7540872323477705,1.0405567996407263,1.0821128166654188,0.2474379355967019,1.5836744126798368,0.5738868954296094,0.7017191166865826,0.3000488523568989,0.8940201987347153,-1.0093198755738526,-1.59169174760361,0.43991751891268355,-1.2665256967664604,0.6619200096271567,0.5094258421073271,-1.2231777221268842
-0.3299948780117392,1.237960547073171,-1.364430361085818,-1.321126391940881,1.4670905547101127,-0.4955492296390108,0.7239312259584245,-0.4959569070987203,1.606773834436661,0.04354175898375066,0.9883535652340071,-1.2527656170919734,-1.395892555634292,-0.31897606196467987,1.1072370448494888,1.2536070347060664,0.9530997650582249,0.6159106117370448,0.8518413168300827,-1.2231777221268842
0.11094167425437625,-0.012845245624624281,-0.47199438183657183,-0.6601389421515771,-0.24341495263205798,-1.0598330771295263,-1.549188836748422,0.671405306821435,-1.0958585111117798,-1.3169088084208433,-1.1136323907804393,-0.22632893389695616,0.14539487519100133,-0.7607961026745504,-1.3517869660522235,-0.22238790091913974,0.9530997650582249,-1.0780717651261673,0.45579902913503795,0.0031484626052172586
-0.3299948780117392,-1.2636510383224195,1.3128775766619205,0.0008485076377269405,1.460065891435607,-0.24823964215859962,1.049656232394235,0.2648612522223759,0.24390795078402855,-0.8326806403615811,0.5925250410494685,-1.3317222850300516,0.8499834149968497,0.8822221737152807,0.06764965812681364,0.09930330299917443,0.9530997650582249,0.4820650906021737,0.8820016184529723,-1.2231777221268842
-1.6528045348100857,-1.2636510383224195,1.3128775766619205,-1.321126391940881,0.5433473341125955,1.5909077126253033,1.104136927420865,-1.1870817999171206,-0.4028758584070513,-1.0171485139079668,0.07385318177317654,-1.5422733995315936,0.01328452397740475,1.6416003686853706,0.567451286358869,-1.5848447645731762,-1.2665256967664604,-1.140811853158138,0.9320331266076932,0.0031484626052172586
1.4337513310527226,1.237960547073171,-0.47199438183657183,-1.321126391940881,-0.9845169280924235,1.2704502189887141,-0.36452351085020823,-1.3322761051310703,1.3064813515979454,-0.9710315455213703,-0.2810275640474443,-0.5947933842746547,-1.1757086369449643,-1.2578436484731548,-0.6720567516566283,-0.5630021168326489,-1.2665256967664604,-1.6009058320592573,0.021504176875512402,0.0031484626052172586
0.9928147787866072,1.237960547073171,-0.47199438183657183,0.6618359574270309,-0.49630283051426805,1.249550817229806,1.431021097580646,1.2696058443029075,-0.04483482117627496,1.4731677789682394,0.619823559958747,0.6948321920472901,0.49768914509392553,-0.898864865396385,-1.0918901193715547,0.47776354290307343,-0.15671296585411776,1.1178313159928113,-0.62385632565362,-1.2231777221268842
1.4337513310527226,-1.2636510383224195,-0.47199438183657183,1.9838108570056392,0.11835520600499251,0.07570108510447417,1.1331160205201363,0.5029799127732533,1.6991715214639582,-1.0171485139079668,0.46968170595771513,0.2737299630442061,0.6297994963075221,0.8269946686265468,0.5074750909710223,0.5345325788886583,0.9530997650582249,1.5151852068619598,-0.17953967463369522,-1.2231777221268842
-0.3299948780117392,1.237960547073171,-0.47199438183657183,1.3228234072163352,0.26938546640686795,-1.5196199158255022,-0.29381452368798605,-1.483278182553578,-1.7541920311812718,-0.0025752094028457496,1.2340402354175137,0.9053833065488321,-0.0747890434983263,-1.3959124111949892,-1.5517076173450455,-0.2602339249095296,-0.15671296585411776,-1.994077050392941,1.0702817636650834,0.0031484626052172586
1.4337513310527226,-0.012845245624624281,-1.364430361085818,0.6618359574270309,1.4003562536023073,-0.8821881621788086,-0.486235701867148,-1.500701499179252,-0.37977643665022703,0.527769927043013,-0.8542964611422933,-0.5158367163365765,-1.3518557718964266,-0.567499834863982,-1.6116838127328923,-1.3766916326260317,-0.15671296585411776,-2.4081616314039485,1.578405388350679,0.0031484626052172586
-0.7709314302778547,-0.012845245624624281,0.4204415974126744,0.0008485076377269405,-0.025650391122377107,-0.9727522364674098,-0.4514607901480223,0.595904268110181,1.3064813515979454,-1.4552597135806327,0.1966965168649299,1.326485535551916,0.01328452397740475,-1.2854574010175217,0.7273878073931267,1.2157610107156764,0.9530997650582249,0.942159069503293,-0.10238136182793978,-1.2231777221268842
-0.3299948780117392,1.237960547073171,-0.47199438183657183,-1.321126391940881,-0.541963141798556,0.2603124673081614,1.4681143367477134,0.41005555743632555,0.16305997463514357,-0.5790373142353008,1.0293013435979248,-1.3843600636554372,-1.4839661231100232,-1.1059680094791369,-1.4517472916986345,-0.48731006885186906,-0.15671296585411776,-0.542689680586683,0.0017718307719601196,0.0031484626052172586
1.4337513310527226,-1.2636510383224195,-0.47199438183657183,1.3228234072163352,1.0526354215142686,-0.028795923690065763,0.9511273158567122,-0.8328076951950835,-0.19498106259563278,-0.07175066198274035,1.1657939381443174,0.2737299630442061,0.057321307715270275,-0.18090729924284535,-0.1322709931660085,-0.8090012727701832,-1.2665256967664604,-0.5385070080512182,0.9819501274689424,0.0031484626052172586
1.4337513310527226,-1.2636510383224195,1.3128775766619205,0.6618359574270309,1.1018080644358095,-1.4813043459341708,-0.605629565436146,0.9908327782921241,-0.8417648717867127,1.4039923263883447,0.8109131923236967,-1.621230067469672,0.057321307715270275,-1.2302298959287878,-0.552104360880935,-1.4145376566164216,-0.15671296585411776,-0.14115311718206974,0.8963061179217782,1.2294746473373186
-1.6528045348100857,-0.012845245624624281,0.4204415974126744,-0.6601389421515771,-0.538450810161303,0.48672265302966455,-1.732336705135817,1.4031846050997412,0.775194651190987,0.9197641583290824,0.7563161545051397,0.3000488523568989,0.5857627125696566,1.6692141212297376,0.5474592212295868,1.423914142662821,-1.2665256967664604,2.728160242146729,-1.3286071259117054,-1.2231777221268842
1.4337513310527226,-1.2636510383224195,1.3128775766619205,-0.6601389421515771,-0.15911899333798796,0.43099091500590997,0.32054225001656705,-0.05456621924831337,0.7289958076773384,1.1964659686486607,1.1794431975989568,0.9580210851742176,0.1013580914531358,0.7717671635378129,0.6874036771345623,-1.4334606686116167,-1.2665256967664604,1.0258125202125874,-0.2479699254258427,-1.2231777221268842
1.4337513310527226,1.237960547073171,1.3128775766619205,-1.321126391940881,-1.2374048059746336,-1.5892845883551954,-0.9951085766903532,-1.3729305105909761,1.433528171260479,0.8275302215558896,0.6061743005041078,-0.6474311629000402,0.8940201987347153,0.04000272111208992,0.5474592212295868,-0.41161802087108923,0.9530997650582249,-0.11605708196928141,-1.0696912301378283,1.2294746473373186
0.9928147787866072,-1.2636510383224195,1.3128775766619205,-0.6601389421515771,0.8313585283673347,1.0057244633758795,1.6280789306556913,-1.2916216996711645,-1.534747524491441,-0.4176279248822134,1.6844657974206094,-1.3317222850300516,-0.6032304483527126,0.5784708957272446,1.5670545428229796,1.6509902866051605,0.9530997650582249,-0.4464882122709944,0.8622007831313174,0.0031484626052172586
-1.6528045348100857,-1.2636510383224195,-1.364430361085818,0.6618359574270309,0.03405924671092249,-1.261860627465637,-1.2628753969276207,0.14870580805121614,-0.945712269692422,-0.2101015671425296,-0.33562460186600135,0.5895566347965191,1.114204117424043,-0.7331823501301835,-0.7720170773030393,-0.5630021168326489,-1.2665256967664604,-0.6849005467924835,0.5048634130695638,0.0031484626052172586
0.9928147787866072,-1.2636510383224195,-1.364430361085818,1.3228234072163352,0.5433473341125955,1.0335903323877569,1.3046722516678229,-1.500701499179252,0.4287033248386228,1.0350565792955735,-1.5504086933288956,-1.5685922888442865,-0.9995615019935024,1.351655966969518,-0.07229479777816183,-0.127772840943165,0.9530997650582249,-1.1910039235837147,0.9471340680447097,0.0031484626052172586
1.4337513310527226,-1.2636510383224195,-0.47199438183657183,0.6618359574270309,-1.6623969340822367,-0.9518528347085018,0.6509039113482606,-0.40303255176179253,-1.0265602458413068,-0.71738821939509,-0.40387089913919766,1.010658863799603,-1.5280029068478886,0.8131877923543633,0.027665527868249225,-1.338845608635642,-0.15671296585411776,-0.9442262439912962,-1.4026060078769682,0.0031484626052172586
-0.7709314302778547,-0.012845245624624281,1.3128775766619205,-1.321126391940881,1.6110961518374824,-0.3771192863385322,1.1690500959632328,0.8804851063295224,-0.1718816408388085,-0.7404467035883883,1.0565998625072035,0.8790644172361394,-1.6601132580614852,-0.4708517009586979,-1.5716996824743277,-0.7711552487797934,-1.2665256967664604,0.10144188987488408,1.0303381452468965,1.2294746473373186
-0.3299948780117392,-1.2636510383224195,0.4204415974126744,1.3228234072163352,-0.1239956769654588,0.27772863544058474,-0.18948978853060913,-1.2858139274626064,-1.6502446332755625,0.3663605376899255,-0.5676620125948688,0.4842810775457481,-0.7793775833041747,1.2826215856086007,1.5870466079522618,1.6699132986003553,-0.15671296585411776,-0.5385070080512182,0.34496167067386574,0.0031484626052172586
-1.2118679825439702,-0.012845245624624281,-1.364430361085818,-1.321126391940881,0.25182380822060335,0.1523322248871368,1.54461914252979,1.2405669832601176,-1.188256198139077,0.4124775060765219,1.097547640871121,0.14213551648074235,-1.3518557718964266,1.1721665754311332,1.5470624776936974,1.3103760706916514,0.9530997650582249,1.73686685124159,-0.14571129147017267,-1.2231777221268842
1.4337513310527226,1.237960547073171,1.3128775766619205,-0.6601389421515771,0.7716488905340352,-1.6101839901141035,-0.7041584819736687,-0.4901491348901623,0.7174460967989263,1.1964659686486607,0.04655466286389802,-1.1474900598412023,0.14539487519100133,0.9650634313483814,-0.05230273264887963,0.5723786028790482,-0.15671296585411776,0.3774982772155557,0.5999697164666316,1.2294746473373186
0.9928147787866072,-0.012845245624624281,-1.364430361085818,-1.321126391940881,1.2142026768279028,-0.6522947428308207,-1.1121841128114096,1.2696058443029075,1.5721247018014246,0.04354175898375066,-0.4175201585938369,-1.0685333919031241,1.466498387326967,0.6475052770881619,0.7273878073931267,-1.4713066926020064,0.9530997650582249,1.3562436505143003,0.5546689649421995,-1.2231777221268842
0.11094167425437625,-1.2636510383224195,0.4204415974126744,1.3228234072163352,0.5960323086713892,-1.0876989461414037,0.6937929691351823,-1.2741983830454904,0.5326507227443321,1.2425829370352572,-0.04899015331857682,-1.4369978422808227,0.36557879388032893,-0.4570448246865144,1.1072370448494888,0.21284137497034414,-1.2665256967664604,-0.5677857157994712,0.7860414970497577,0.0031484626052172586
-1.2118679825439702,-0.012845245624624281,-1.364430361085818,0.6618359574270309,-0.21180396789678174,-1.1399474505386737,0.8630308728349272,-0.18233720783658908,-1.0612093784765433,0.06660024317704887,1.3159357921453494,-1.1738089491538952,1.290351252375505,0.7717671635378129,0.9672925889445132,1.2157610107156764,-1.2665256967664604,0.5406225060986798,-0.11778379775545242,-1.2231777221268842
1.4337513310527226,-1.2636510383224195,0.4204415974126744,1.3228234072163352,-0.5349384785240502,0.5703202600652966,-1.4309541369033947,-1.5065092713878099,0.6365981206500413,-0.11786763036933677,-1.5777072122381741,-0.38424226977311265,1.5986087385405636,-1.2578436484731548,1.6870069335986728,0.3642254709319037,2.0629124959705676,-1.2160999587965031,0.28260855739246565,0.0031484626052172586
-1.2118679825439702,-1.2636510383224195,1.3128775766619205,0.0008485076377269405,-1.430583046023544,0.12794958950174415,1.6674904972707005,-0.4669180460559304,0.6481478315284535,-0.6020957984285991,-0.3492738613206406,0.24741107373151336,-1.043598285731368,-1.2992642772897052,1.6870069335986728,0.6291476388646331,0.9530997650582249,-0.27918131085240555,-1.3277418762046627,1.2294746473373186
1.4337513310527226,1.237960547073171,0.4204415974126744,-0.6601389421515771,1.1369313808083386,-0.04272885819600442,1.5956223463845074,0.619135356944413,-0.2296301952308692,0.9658811267156788,-0.07628867222785535,-0.0420967087081069,0.01328452397740475,-1.147388638295687,-1.0718980542422725,0.8751467948021674,-1.2665256967664604,0.13072059762313712,0.8393675777399691,1.2294746473373186
-1.2118679825439702,-1.2636510383224195,-1.364430361085818,-1.321126391940881,0.22723748675983296,-0.3109378474353236,0.19883005899962727,0.015127047254382464,-1.0843088002333676,1.311758389615152,1.6162195001474131,1.2475288676138379,0.2775052264045979,-0.9955129993016691,1.4071180217887218,-1.0171544047173278,-1.2665256967664604,0.34403689693183787,0.2887411401765074,1.2294746473373186
1.4337513310527226,-0.012845245624624281,1.3128775766619205,0.0008485076377269405,-0.5770864581710852,-1.4081564397779929,-0.9985860678622659,-1.1754662555000046,1.017738579637642,-0.048692177789442154,0.29224133304740474,0.010541069917278602,0.5857627125696566,0.4265952567332266,-1.131874249630119,-1.641613800558761,0.9530997650582249,-0.810380722856425,0.0789931173184694,0.0031484626052172586
1.4337513310527226,-0.012845245624624281,-0.47199438183657183,-1.321126391940881,0.5398350024753427,-1.5022037476930787,0.46427855178895305,0.5610576348588332,-1.199805909017489,0.873647189942486,-0.3492738613206406,1.4054422034899943,-1.307818988158561,1.6692141212297376,0.007673462738967013,-1.2253075366644721,-1.2665256967664604,0.35658491453823205,0.4795001017640838,1.2294746473373186
1.4337513310527226,1.237960547073171,1.3128775766619205,-1.321126391940881,0.44148971663226094,-0.007896521931157776,0.5291917203313209,0.026742591671498436,0.4864518792306835,0.04354175898375066,-0.8542964611422933,0.3263677416695916,-1.307818988158561,-0.4984654535030648,-1.031913923983708,-1.5848447645731762,0.9530997650582249,-0.8480247756756075,0.7930565886385478,0.0031484626052172586
1.4337513310527226,-1.2636510383224195,0.4204415974126744,0.0008485076377269405,0.6487172832301831,1.1520202756882354,-1.732336705135817,-0.635343440104112,-0.8071157391514762,0.3894190218832237,-0.8815949800515718,-0.2000100445842634,-0.030752259760460775,0.4404021330054101,0.6074354166174334,-0.5630021168326489,-0.15671296585411776,-0.8480247756756075,0.8940092484803231,0.0031484626052172586
0.9928147787866072,-0.012845245624624281,-1.364430361085818,0.0008485076377269405,-0.7000180654749373,-0.32138754831477756,1.5643249258372944,0.09643585817419427,-0.9110631370571854,0.18189266414353988,-1.7005505473299276,-0.22632893389695616,0.23346844266673236,-0.48465857723088135,-0.9719377285958614,-1.300999584645252,-1.2665256967664604,-1.4001375503569506,0.21459739265592345,0.0031484626052172586
1.4337513310527226,-1.2636510383224195,0.4204415974126744,-1.321126391940881,-1.2549664641608982,1.0161741642553335,1.0542928872901183,-1.6400880321846436,1.5721247018014246,-0.6482127668151955,1.4387791272371027,1.563355539366151,1.0701673336861774,-0.38801044332559714,0.16760998377322472,1.1211459507397017,-1.2665256967664604,0.2269220659388257,-1.2821661373072706,1.2294746473373186
0.5518782265204917,-1.2636510383224195,1.3128775766619205,0.0008485076377269405,-0.2609766108183226,1.228651415470898,0.8479617444233061,-1.7039735264787814,1.4681773038957155,1.2425829370352572,-0.39022163968455836,-0.0947344873334924,-0.030752259760460775,-1.050740504390403,0.48748302584174014,-0.22238790091913974,-1.2665256967664604,-0.8731208108883959,0.3665300067897779,0.0031484626052172586
-0.3299948780117392,1.237960547073171,-0.47199438183657183,-1.321126391940881,-0.3803958864849218,1.615290348010696,-1.2570795783077664,1.6761498989019665,1.0985865557865269,1.2886999054218535,-1.2364757258721926,1.3001666462392234,0.45365236135606,-0.029031660248827352,-1.4917314219571989,1.4428371546580159,-0.15671296585411776,1.7075881434933369,-0.7265853441534476,-1.2231777221268842
-0.7709314302778547,1.237960547073171,-0.47199438183657183,1.3228234072163352,0.9683394622201985,-1.3698408698866615,1.0937044539051273,-1.3961615994252081,-0.714718052124179,-1.2938503242275452,0.8382117112329752,0.22109218441882061,-0.383046529663385,-0.30516918569249646,1.4471021520472864,-0.10884982894797003,2.0629124959705676,-1.0571584024488436,1.088740349899696,0.0031484626052172586
0.5518782265204917,1.237960547073171,-0.47199438183657183,-1.321126391940881,-0.6543577541906493,1.2251681818444133,0.42370782144997315,-0.7979610619437356,-1.453899548342556,-0.5329203458487044,0.5379280032309115,0.9053833065488321,1.466498387326967,-0.4708517009586979,0.5874433514881512,-0.48731006885186906,0.9530997650582249,-0.8773034834238607,0.034135192579941034,0.0031484626052172586
-0.3299948780117392,1.237960547073171,-1.364430361085818,0.0008485076377269405,-0.7210920552984548,1.3888801622891926,-1.6871293199009536,-1.5645869934733898,1.179434531935412,-0.9479730613280721,0.879159489596893,0.11581662716804961,0.3215420101424634,1.1721665754311332,0.5274671561003046,-1.263153560654862,-1.2665256967664604,-0.3670174340971647,-0.25296615872416056,1.2294746473373186
1.4337513310527226,-0.012845245624624281,1.3128775766619205,-0.6601389421515771,-1.398972061288268,0.4727897185237259,0.14898601886888052,0.9269472839979863,0.4287033248386228,1.7268111050945194,1.2203909759628746,-1.6738678460950573,-0.6913040158284437,0.7165396584490792,1.0672529145909242,-0.5819251288278439,0.9530997650582249,1.4900891716491713,-2.2727876386360073,-1.2231777221268842
-1.6528045348100857,-0.012845245624624281,0.4204415974126744,0.6618359574270309,0.7892105487202997,-1.4847875795606555,-1.6755376826612451,0.7759452065754786,1.6645223888287217,0.2510681167234345,-1.195527947508275,0.6685133027345974,-1.3518557718964266,-0.30516918569249646,-1.1118821845008369,1.4806831786484058,0.9530997650582249,0.8208615659748161,0.483133889238175,-1.2231777221268842
-1.6528045348100857,1.237960547073171,0.4204415974126744,0.0008485076377269405,-0.9318319535336298,0.8733615855694623,-1.49238981427385,0.6830208512385508,0.5557501445011563,0.020483274790452453,0.7426668950505004,-0.2000100445842634,0.49768914509392553,1.475917853419169,-0.3121995793295484,0.061457279008784525,-0.15671296585411776,1.3353302878369768,-1.2970391736360638,-1.2231777221268842
0.11094167425437625,-0.012845245624624281,-0.47199438183657183,0.0008485076377269405,-0.2223409628085405,-0.39453545447095556,-1.172460626457894,0.11966694700842621,0.9946391578808177,0.3202435693033291,-1.4685131366010602,0.7211510813599828,-0.6032304483527126,1.475917853419169,-1.1518663147594013,-1.5091527165923964,0.9530997650582249,-0.015672941118128114,0.07839205545295959,1.2294746473373186
0.11094167425437625,-0.012845245624624281,-0.47199438183657183,0.6618359574270309,-0.7597277033082368,0.26379570093464605,0.9163524041375865,1.1011804502547258,-1.1536070655038404,1.104232031875468,0.305890592502044,-1.3843600636554372,1.0701673336861774,1.5449522347800864,0.22758617916107135,-1.1685385006788873,-1.2665256967664604,0.808313548368422,-0.8122727371138905,-1.2231777221268842
-1.6528045348100857,-1.2636510383224195,1.3128775766619205,-1.321126391940881,1.4706028863473657,0.06873461785150484,-1.2918544900268922,1.1244115390889577,-0.8879637153003612,-0.9018560929414757,-0.581311272049508,-0.5684744949619619,-0.33900974592551947,-0.3742035670534137,1.2071973704958998,0.40207149492229366,0.9530997650582249,0.25201810115161405,0.9426294960420416,1.2294746473373186
1.4337513310527226,-1.2636510383224195,0.4204415974126744,-0.6601389421515771,0.03405924671092249,1.1276376403028427,0.15478183748873478,1.1186037668803999,1.110136266664939,-0.8326806403615811,1.3159357921453494,-1.0422145025904315,1.0261305499483118,-1.354491782378439,0.1476179186439425,0.6669936628550229,2.0629124959705676,1.1596580413474584,-0.12822156501506746,-1.2231777221268842
0.5518782265204917,-1.2636510383224195,-1.364430361085818,0.0008485076377269405,-0.32068624865162215,-1.2061288894418825,-1.2327371401043785,-1.6517035766017596,-0.460624412799112,-0.9710315455213703,-0.2400797856835265,0.0631788485426641,-0.2509361784497884,-1.6858568129108418,1.6670148684693906,0.5156095668934634,0.9530997650582249,-1.667828592626693,0.6234066200480435,0.0031484626052172586
0.5518782265204917,-0.012845245624624281,1.3128775766619205,-1.321126391940881,-0.756215371670984,-1.7634462696794286,0.2904039931933248,-1.7039735264787814,0.02446344409419789,-0.5559788300420027,1.4797269056010205,-0.9369389453396604,-0.6472672320905781,-1.2164230196566044,0.007673462738967013,0.40207149492229366,-0.15671296585411776,-1.3541281524668387,0.14191466540495468,0.0031484626052172586
0.11094167425437625,-1.2636510383224195,-0.47199438183657183,-0.6601389421515771,-0.5981604479946027,0.6713340352333518,-1.5399155269566551,0.43328664627055746,-0.6569694977321184,-0.5329203458487044,0.48333096541235443,0.35268663098228437,0.6738362800453876,0.20568523637829136,-1.3317949009229413,-0.03315778096719023,-0.15671296585411776,0.021971111701054372,-0.28677570064954866,1.2294746473373186
-1.2118679825439702,-0.012845245624624281,0.4204415974126744,-0.6601389421515771,-1.2338924743373807,0.5354879238004498,-0.7945732524433954,0.7817529787840366,-0.6916186303673548,-0.2331600513358278,-1.3866175798732245,0.9580210851742176,0.23346844266673236,-0.3742035670534137,-0.37217577471739505,-0.9414623567365479,-1.2665256967664604,-0.3795654517035588,-0.9245813496356042,1.2294746473373186
-0.7709314302778547,-1.2636510383224195,-0.47199438183657183,-1.321126391940881,1.3722576005042841,0.03738551521314286,-1.6627868816975657,0.9966405505006821,-1.1767064872606647,-1.1093824506811596,0.5788757815948292,-1.6738678460950573,-0.6913040158284437,1.4206903483304354,-1.1518663147594013,1.2914530586964563,0.9530997650582249,0.41095965749927343,0.8648610496993673,1.2294746473373186
-0.3299948780117392,1.237960547073171,-1.364430361085818,0.6618359574270309,1.119369722622074,0.9430262580991556,0.9082382580697905,-1.1231963056229828,-0.09103366468992352,-0.2792770197224242,-1.4548638771464208,0.43164329892036263,-0.5591936646148471,1.655407244957554,0.8273481330395377,-1.263153560654862,0.9530997650582249,-0.9274955538494373,1.1112247622170803,0.0031484626052172586
-1.2118679825439702,-1.2636510383224195,-0.47199438183657183,1.9838108570056392,1.1088327277103152,-0.3109378474353236,0.0284329915759116,0.619135356944413,0.1746096855135557,0.13577569575694348,0.824562451778336,0.3000488523568989,1.2463144686376395,1.5449522347800864,-0.032310667519597415,0.23176438696553908,-1.2665256967664604,1.464993136436383,0.4742415688236071,-1.2231777221268842
-0.7709314302778547,-0.012845245624624281,-1.364430361085818,1.3228234072163352,1.2633753197494435,0.305594504452462,-0.9858352668985865,0.212591302345354,0.278557083419265,1.4270508105816428,-1.1545801691443571,1.563355539366151,0.40961557761819445,1.4621109771469858,-0.931953598337297,-1.641613800558761,0.9530997650582249,0.33148887932544374,0.8405155853867402,1.2294746473373186
-0.3299948780117392,-0.012845245624624281,1.3128775766619205,0.6618359574270309,-0.37688355484766883,-1.5196199158255022,-0.3772743118138876,0.06739699713140435,0.1746096855135557,-0.8557391245548793,0.29224133304740474,0.0631788485426641,-1.2637822044206954,-1.4925605451002735,-1.511723487086481,1.3103760706916514,-1.2665256967664604,-0.542689680586683,0.14864629052845285,0.0031484626052172586
1.4337513310527226,-1.2636510383224195,0.4204415974126744,1.3228234072163352,-1.8064025312096064,1.479444236577794,-0.4885540293150897,1.7168043043618724,-0.02173539941945067,1.1503490002620644,-1.3183712826000282,-0.06841559802079965,0.9820937662104463,-1.3959124111949892,0.7473798725224089,-0.9793083807269378,0.9530997650582249,0.6326413018789037,-2.8492505675566564,-1.2231777221268842
1.4337513310527226,1.237960547073171,0.4204415974126744,-1.321126391940881,1.46357822307286,-1.240961225706729,0.3031547941570042,1.385761288474067,0.3825044813249742,-0.486803377462108,1.3295850515999887,0.40532440960766986,-1.7041500417993507,0.30233337028357554,0.4275068304538935,1.5185292026387958,-0.15671296585411776,1.8748950449119257,0.5407266100932515,-1.2231777221268842
-0.7709314302778547,-0.012845245624624281,1.3128775766619205,-1.321126391940881,-0.5208891519750385,0.5389711574269346,0.9499681521327412,-1.3496994217567444,-0.37977643665022703,0.9658811267156788,0.9883535652340071,0.9843399744869104,-0.5591936646148471,-0.3465898145090468,-1.2718187055350947,0.3831484829270987,0.9530997650582249,-0.8145633953918898,0.13162261886894783,0.0031484626052172586
-0.7709314302778547,1.237960547073171,-1.364430361085818,0.6618359574270309,1.4495288965238482,1.5943909462517878,0.31126894022480023,1.1708737167574217,0.856042627339872,-1.1093824506811596,-0.8815949800515718,1.6159933179915364,0.49768914509392553,-1.1059680094791369,1.047260849461642,0.17499535097995422,-1.2665256967664604,0.9086976892195752,0.7726231768928837,-1.2231777221268842
0.11094167425437625,-0.012845245624624281,-0.47199438183657183,-0.6601389421515771,-1.5043420104058554,0.5424543910534192,0.8259376336678598,-0.04875844703975538,-1.5462972353698532,-0.7404467035883883,1.3432343110546279,0.19477329510612784,-0.0747890434983263,-1.7272774417273922,1.3071576961423108,0.9886848667733371,-0.15671296585411776,-0.3251907087425175,-1.4486375183029538,1.2294746473373186
0.11094167425437625,-0.012845245624624281,1.3128775766619205,-1.321126391940881,-1.1039362037590228,-1.5022037476930787,-0.49666817538288566,0.9966405505006821,-1.3153030178016103,1.33481687380845,-1.1409309096897178,-1.1474900598412023,-0.5591936646148471,-0.567499834863982,0.9872846540737954,0.023611255018394624,-1.2665256967664604,-0.06168233900824004,-0.8856803130197383,1.2294746473373186
-0.3299948780117392,-0.012845245624624281,-1.364430361085818,0.6618359574270309,1.115857390984821,1.3331484242654381,0.5187592468155833,-0.2578382465478429,-0.8533145826651248,-1.063265482294563,-0.3492738613206406,0.8264266386107538,-1.307818988158561,-0.8436373603076511,1.5270704125644152,-1.5848447645731762,-0.15671296585411776,-1.0738890925907025,1.1486003400514635,0.0031484626052172586
1.4337513310527226,-1.2636510383224195,-1.364430361085818,-1.321126391940881,-0.7737770298572485,-0.9866851709733485,1.5747573993530322,0.7294830289070148,0.52110101186592,-0.71738821939509,-0.14453496950105166,1.115934421050374,0.9380569824725807,0.7165396584490792,-1.3317949009229413,-0.6954632007990135,-0.15671296585411776,0.5908145765242564,-0.734497332293054,-1.2231777221268842
0.9928147787866072,1.237960547073171,1.3128775766619205,1.3228234072163352,0.7962352119948056,-0.8264564241550539,1.3719037476581324,-0.3739936907190026,-1.0958585111117798,1.6345771683213266,0.18304725741029065,0.19477329510612784,1.2463144686376395,-0.04283853652101081,-0.2922075142002662,-0.7522322367845984,-1.2665256967664604,-0.4046614869163472,0.8343634182382593,1.2294746473373186
1.4337513310527226,-1.2636510383224195,-0.47199438183657183,0.6618359574270309,-0.49279049887701515,1.2425843499768368,0.3043139578809751,1.1650659445488638,0.44025303571703495,-0.5790373142353008,1.5752717217834955,0.6158755241092119,-0.20689939471192287,0.5508571431828777,0.9872846540737954,-1.0739234407029126,-1.2665256967664604,1.5904733125003248,-0.8097732373351517,-1.2231777221268842
0.9928147787866072,-0.012845245624624281,0.4204415974126744,0.6618359574270309,1.1790793604553735,1.2251681818444133,0.728567880854308,0.2590534800138179,-1.6617943441539746,1.0350565792955735,-0.32197534241136205,-1.0158956132777386,-0.8674511507799058,-0.6365342162248994,-0.5920884911394994,0.23176438696553908,0.9530997650582249,-0.8354767580692134,1.1090951914794174,0.0031484626052172586
1.4337513310527226,1.237960547073171,0.4204415974126744,0.6618359574270309,0.9859011204064632,0.8733615855694623,-0.8084832171310457,-0.22299161329649497,-1.5231978136130289,-0.2331600513358278,0.8518609706876145,1.0896155317376814,-0.5151568808769815,-0.7746029789467339,1.1472211751080532,0.11822631499436938,0.9530997650582249,-0.3377387263489116,0.9000437379832369,1.2294746473373186
0.11094167425437625,-0.012845245624624281,0.4204415974126744,1.3228234072163352,1.4846522128963775,1.6570891515285118,-0.813119872026929,0.648174217987203,1.283381929841121,1.0119980951022751,1.6708165379659703,1.0896155317376814,-1.7481868255372162,-1.0369336281182195,1.5670545428229796,0.3642254709319037,0.9530997650582249,1.7285015061706606,0.5862131957297099,-1.2231777221268842
-0.7709314302778547,-1.2636510383224195,1.3128775766619205,0.6618359574270309,-1.5640516482391549,0.09660048686338216,0.8375292709075683,-1.1406196222486569,1.4450778821388912,-1.3630257768074396,-0.4857664558670332,-0.48951782702388363,0.6738362800453876,-1.6720499366386583,0.7673719376516911,-0.16561886493355488,2.0629124959705676,-1.0906197827325614,-1.1052808420471905,0.0031484626052172586
0.5518782265204917,1.237960547073171,1.3128775766619205,1.3228234072163352,-1.816939526121365,-1.2130953566948517,0.13739438162917197,-0.03714290262263941,1.2487327972058848,-0.09480914617603857,-0.5540127531402296,1.4843988714280727,0.01328452397740475,-1.1335817620235036,0.48748302584174014,-0.6765401888038186,-0.15671296585411776,0.08471119973302518,-2.4981797454632884,1.2294746473373186
0.11094167425437625,-0.012845245624624281,1.3128775766619205,-1.321126391940881,0.4028540686224788,-0.7916240878902073,0.36690879897540124,0.5262110016074852,1.352680195111594,-0.2331600513358278,-1.2228264664175534,0.22109218441882061,-1.043598285731368,-1.0369336281182195,-0.07229479777816183,-1.263153560654862,-0.15671296585411776,-0.22062389535589944,0.5776599326209658,1.2294746473373186
-1.2118679825439702,-0.012845245624624281,-0.47199438183657183,1.3228234072163352,0.5609089922988602,0.7862807449073457,-0.35061354616255797,-0.6121123512698801,0.012913733215785749,1.6115186841280285,-1.4958116555103387,-0.8843011667142749,-1.7041500417993507,-1.1059680094791369,1.4071180217887218,-1.1685385006788873,-0.15671296585411776,-1.2035519411901088,0.9589770026957032,0.0031484626052172586
-0.7709314302778547,-0.012845245624624281,-0.47199438183657183,0.0008485076377269405,0.8699941763771168,-0.10891029709921304,1.6130098022440702,-0.24041492992216892,0.12841084199990715,0.7352962847826967,1.1111969003257605,-0.8579822774015822,-0.9555247182556368,-0.13948667042629498,1.1872053053666176,-1.2063845246692773,-1.2665256967664604,0.05961516452023686,0.7383875696852363,1.2294746473373186
0.5518782265204917,-0.012845245624624281,-0.47199438183657183,-0.6601389421515771,0.03405924671092249,0.887294520075401,1.6640130060987879,0.3810166963935356,-0.07948395381151137,1.6345771683213266,-0.15818422895569093,-0.8579822774015822,0.36557879388032893,0.2885264940113921,1.3071576961423108,-1.282076572650057,0.9530997650582249,0.4695170729957795,0.10864696420027076,-1.2231777221268842
0.9928147787866072,-1.2636510383224195,1.3128775766619205,1.3228234072163352,-0.1485819984262292,1.6292232825166346,-0.102552509232795,-0.35076260188477065,-0.13723250820357208,0.4816529586564165,0.08750244122781581,-1.4369978422808227,0.7178730637832531,-0.6503410924970828,-0.7120408819151927,-1.641613800558761,-1.2665256967664604,-1.0571584024488436,0.5144720230481449,0.0031484626052172586
-1.2118679825439702,-0.012845245624624281,0.4204415974126744,1.3228234072163352,1.667293458033529,1.7197873568052358,1.5631657621133235,1.6122644046078287,-0.2873787496229299,0.020483274790452453,-1.2910727636907497,-1.2001278384665879,0.541725928831791,-0.4570448246865144,-0.7320329470444749,1.5563752266291857,-1.2665256967664604,0.5782665589178623,0.9371130698391533,-1.2231777221268842
-1.6528045348100857,-1.2636510383224195,0.4204415974126744,-1.321126391940881,0.03405924671092249,1.1555035093147201,0.8572350542150728,1.5948410879821546,0.52110101186592,0.8967056741357842,0.879159489596893,0.010541069917278602,0.8059466312589841,1.4344972246026189,0.1276258535146603,1.1400689627348968,-1.2665256967664604,2.5608533407281397,-0.6091364576643908,-1.2231777221268842
0.9928147787866072,-1.2636510383224195,-1.364430361085818,0.6618359574270309,0.7892105487202997,0.5877364281977199,1.535345832738023,1.4031846050997412,-0.6685192086105305,-0.4176279248822134,-1.209177206962914,-0.1473722659588779,1.5545719548026982,-0.15329354669847844,1.6870069335986728,0.26961041095592897,-0.15671296585411776,0.8124962209038866,0.48550920465832154,-1.2231777221268842
1.4337513310527226,1.237960547073171,1.3128775766619205,0.0008485076377269405,-0.7386537134847193,1.1137047057969043,-0.9267179169760729,1.3683379718483932,-0.541472388947997,1.2656414212285554,-0.8815949800515718,-0.06841559802079965,-0.6472672320905781,-0.16710042297066188,-0.09228686290744405,-0.18454187692874985,0.9530997650582249,0.565718541311468,-0.6792311103427795,-1.2231777221268842
-1.6528045348100857,-0.012845245624624281,-0.47199438183657183,1.3228234072163352,-1.1741828365040812,-0.8856713958052932,1.5527332885975857,0.10224363038275226,-0.1718816408388085,1.5192847473548357,1.2067417165082353,-1.2001278384665879,-0.0747890434983263,-1.0093198755738526,0.5474592212295868,-0.48731006885186906,0.9530997650582249,0.15999930537139015,-1.1089732094988463,1.2294746473373186
-1.2118679825439702,-1.2636510383224195,-1.364430361085818,1.9838108570056392,1.4846522128963775,1.1311208739293275,-0.254402957072977,-1.1115807612058668,-0.7262677630025912,0.6200038638162058,-0.9361920178701288,0.08949773785535685,0.057321307715270275,0.012388968567723011,0.6274274817467156,-0.08992681695277509,0.9530997650582249,-1.1031678003389556,1.2799312246977586,0.0031484626052172586
0.9928147787866072,-0.012845245624624281,1.3128775766619205,-0.6601389421515771,0.03405924671092249,0.14884899126065212,0.42834447634585654,0.648174217987203,0.3825044813249742,1.2656414212285554,1.4387791272371027,-0.779025609463504,-1.5280029068478886,-1.3821055349228057,-0.831993272690886,1.4428371546580159,0.9530997650582249,0.7330254427300569,0.018206253045323414,-1.2231777221268842
-1.2118679825439702,-0.012845245624624281,-1.364430361085818,0.0008485076377269405,1.5092385343571477,1.0544897341466648,-0.470007409731556,0.8282151564525005,0.02446344409419789,-0.8326806403615811,-0.5540127531402296,0.6685133027345974,1.114204117424043,0.08142334992864028,-0.5920884911394994,0.042534267013589575,-0.15671296585411776,0.4067769849638087,0.9194056152336362,1.2294746473373186
-0.7709314302778547,-0.012845245624624281,0.4204415974126744,1.3228234072163352,-0.03969971767138877,-1.7146809989086433,-0.2312196825935599,-0.019719585996965452,0.10531142024308288,-0.1870430829492314,-0.5540127531402296,-1.5949111781569791,0.3215420101424634,-0.8850579891242015,-0.43215197010524165,-1.1874615126740822,0.9530997650582249,-1.0236970221651258,0.5746541567617883,0.0031484626052172586
0.11094167425437625,-0.012845245624624281,0.4204415974126744,-1.321126391940881,-1.1144731986707814,0.5145885220415419,1.6431480590673124,0.18936021351112206,0.4864518792306835,-0.5790373142353008,1.3841820894185457,-1.2001278384665879,0.8940201987347153,-0.5260792060474317,1.2671735658837464,1.5563752266291857,-0.15671296585411776,0.9756204497870108,-1.423266222706852,-1.2231777221268842
-1.6528045348100857,-0.012845245624624281,-0.47199438183657183,0.0008485076377269405,-1.781816209748836,-1.335008533621815,1.623442275759808,0.607519812527297,-0.9803614023276583,0.8275302215558896,0.06020392231853728,-0.9632578346523532,-1.4839661231100232,-0.7331823501301835,-1.3717790311815057,-0.9414623567365479,-1.2665256967664604,-0.7601886524308484,-1.811601386158219,0.0031484626052172586
0.11094167425437625,-0.012845245624624281,-0.47199438183657183,-0.6601389421515771,-1.0301772393767115,-0.9344366665760785,0.9801064089559834,0.17774466909400607,0.8329432055830477,1.311758389615152,-0.2946768235020835,-1.1211711705285097,0.9380569824725807,0.5922777719994281,1.6870069335986728,1.2914530586964563,-0.15671296585411776,1.3060515800887238,-1.44271108193544,-1.2231777221268842
1.4337513310527226,-0.012845245624624281,-0.47199438183657183,-0.6601389421515771,-0.08536002895567671,0.6469513998479591,0.1675326384524142,0.36359337976786166,1.1332356884217634,0.527769927043013,0.9064580085061715,-1.4106789529681298,-0.0747890434983263,-1.4235261637393561,1.5270704125644152,1.2914530586964563,-0.15671296585411776,0.9881684673934049,-0.16918710801956025,-1.2231777221268842
1.4337513310527226,-0.012845245624624281,1.3128775766619205,1.9838108570056392,1.0139997735044866,-0.25520610941156896,0.06320790329503725,-1.2045051165427947,0.6481478315284535,0.6200038638162058,1.5479732028742168,-0.015777819395414148,1.7307190897541602,1.0893253177980324,-1.5517076173450455,-0.2791569369047246,-0.15671296585411776,0.05961516452023686,0.8046797388443948,1.2294746473373186
-1.6528045348100857,-0.012845245624624281,0.4204415974126744,0.6618359574270309,0.8699941763771168,0.3195274389584007,-1.2872178351310088,-1.2741983830454904,0.5903992771363927,-0.14092611456263496,-0.11723645059177314,-1.3317222850300516,1.5545719548026982,1.1583596991589498,-0.1522630582952907,1.2157610107156764,-0.15671296585411776,-0.24153725803322304,0.8223478513342636,1.2294746473373186
0.11094167425437625,1.237960547073171,0.4204415974126744,0.6618359574270309,0.9437531407594281,-0.8821881621788086,0.5233959017114667,-1.0070408614518231,-0.27582903874451775,-1.524435166160527,0.07385318177317654,-1.305403395717359,0.18943165892886685,-1.1197748857513201,0.16760998377322472,-0.5819251288278439,-0.15671296585411776,-1.7012899729104107,1.2558051992774009,0.0031484626052172586
0.9928147787866072,-1.2636510383224195,1.3128775766619205,1.3228234072163352,0.6487172832301831,0.7270657732571064,1.4750693190915385,-1.5936258545161797,1.0754871340297028,1.4962262631615375,-1.3320205420546676,-1.2527656170919734,-1.395892555634292,-1.6582430603664748,1.3471418264008752,0.47776354290307343,0.9530997650582249,-1.3415801348604446,1.038804928303445,0.0031484626052172586
1.4337513310527226,1.237960547073171,-0.47199438183657183,1.9838108570056392,0.989413452043716,-1.3628744026336923,-1.4413866104191324,-0.8211921507779676,-0.010185688541038532,-0.8557391245548793,0.2649428141381262,-0.015777819395414148,-1.4399293393721575,-0.26374855687594606,0.20759411403178915,0.25068739896073405,0.9530997650582249,-0.7894673601791015,1.0241968088701194,0.0031484626052172586
1.4337513310527226,-0.012845245624624281,-0.47199438183657183,1.3228234072163352,-0.8440236626023069,-1.4325390751633855,1.6489438776871668,0.3287467465165137,-0.4259752801638756,-0.6020957984285991,1.0156520841432857,-1.7001867354077502,-0.9555247182556368,0.20568523637829136,-0.19224718855385511,-0.2034648889239448,-1.2665256967664604,-0.09932639182742253,-0.5137448813688896,1.2294746473373186
-0.3299948780117392,1.237960547073171,-0.47199438183657183,1.3228234072163352,1.582997498739459,-0.7881408542637226,-0.4688482460075852,0.9269472839979863,0.6827969641636898,1.2656414212285554,0.879159489596893,-0.38424226977311265,1.3343880361133704,-1.2854574010175217,1.3471418264008752,0.25068739896073405,-1.2665256967664604,1.4273490836172007,0.7017702895880781,-1.2231777221268842
0.11094167425437625,-0.012845245624624281,1.3128775766619205,0.6618359574270309,0.908629824386899,1.3644975269038,-0.6125845477799712,-1.3438916495481863,0.1399605528783193,0.527769927043013,-1.359319060963946,-0.43688004839849814,-0.9995615019935024,-0.6227273399527159,1.5470624776936974,0.9319158307877523,-0.15671296585411776,-1.0613410749843084,1.0664214695877414,0.0031484626052172586
0.9928147787866072,-0.012845245624624281,-0.47199438183657183,-1.321126391940881,0.7892105487202997,1.3923633959156774,1.0937044539051273,-1.4135849160508822,0.02446344409419789,0.06660024317704887,-1.1136323907804393,-1.0685333919031241,-0.5591936646148471,1.531145358507903,1.607038673081544,1.5752982386243806,0.9530997650582249,-0.4130268319872766,0.8334929137097853,1.2294746473373186
-0.7709314302778547,-0.012845245624624281,0.4204415974126744,0.0008485076377269405,-1.2409171376118866,0.6399849325949898,-1.1214574226031764,0.3461700631421877,-0.9226128479355976,1.3809338421950466,1.5206746839649383,-0.8316633880888894,-0.9555247182556368,-1.2854574010175217,0.8873243284273844,0.5534555908838532,-0.15671296585411776,0.327306206789979,-1.310560443878098,1.2294746473373186
0.5518782265204917,1.237960547073171,0.4204415974126744,0.0008485076377269405,0.2904594562303855,1.2774166862416834,0.2927223206412665,-0.18233720783658908,1.6298732561934854,-0.09480914617603857,0.5242787437762721,0.7211510813599828,-0.5591936646148471,-0.8160236077632842,0.08764172325609586,0.13714932698956434,-1.2665256967664604,0.46533440046031477,0.29174225704614326,-1.2231777221268842
0.11094167425437625,1.237960547073171,0.4204415974126744,0.6618359574270309,-1.1460841834060578,-0.9100540311906858,-0.4271183519446344,-0.060373991456871355,1.6760720997071339,-0.7635051877816864,0.5242787437762721,-1.5685922888442865,1.4224616035891016,0.9650634313483814,0.4075147653246113,-1.5091527165923964,0.9530997650582249,0.5155264708858914,-1.2443809916349782,-1.2231777221268842
0.11094167425437625,-1.2636510383224195,-1.364430361085818,-1.321126391940881,0.8875558345633814,-1.728613933414582,-0.3239527805112283,1.072141589211936,-0.9803614023276583,1.657635652514625,-0.581311272049508,1.4580799821153798,0.01328452397740475,0.8131877923543633,-0.39216783984667725,0.5345325788886583,-0.15671296585411776,1.0550912279608404,0.47025531340954096,-1.2231777221268842
0.9928147787866072,1.237960547073171,1.3128775766619205,-1.321126391940881,1.54787418236693,-0.3597031182061089,-0.9788802845547613,-1.065118583537403,-1.3384024395584346,0.04354175898375066,1.4933761650556598,0.8001077492980612,-1.3518557718964266,-1.2854574010175217,0.1276258535146603,0.3642254709319037,-1.2665256967664604,-1.0697064200552377,1.291238631416233,0.0031484626052172586
-1.2118679825439702,-0.012845245624624281,0.4204415974126744,0.0008485076377269405,-0.050236712583147526,-0.3980186880974402,-1.1388448784627394,-1.6923579820616654,1.2025339536922361,-0.371510956495617,1.247689494872153,0.5895566347965191,1.5105351710648325,-1.5477880501890073,0.4674909607124579,0.7048396868454129,-1.2665256967664604,-0.4464882122709944,0.36501979522484607,0.0031484626052172586
0.9928147787866072,1.237960547073171,-1.364430361085818,-1.321126391940881,-0.13453267187721754,0.19761426203143742,0.6010598712175139,0.7410985733241308,0.12841084199990715,0.020483274790452453,0.49698022486699367,-0.8579822774015822,0.1013580914531358,1.6416003686853706,0.8473401981688199,-1.0171544047173278,-1.2665256967664604,1.0592739004963052,-0.23789770237143087,-1.2231777221268842
-1.2118679825439702,-0.012845245624624281,-0.47199438183657183,-0.6601389421515771,1.073709411337786,1.0823556031585422,1.0925452901811563,-1.44843154930223,-0.9341625588140098,-0.8787976087481775,-1.564057952783535,0.7211510813599828,0.45365236135606,0.5922777719994281,-0.43215197010524165,-1.4334606686116167,-1.2665256967664604,-2.09027851870863,1.4041301992992588,0.0031484626052172586
-1.6528045348100857,1.237960547073171,0.4204415974126744,-0.6601389421515771,-0.4857658356025093,0.061768150598535514,0.5500566673627963,-1.1638507110828886,-0.6569694977321184,0.6430623480095039,-1.5504086933288956,1.2212099783011452,0.8940201987347153,1.3378490906973346,0.5074750909710223,-0.41161802087108923,-0.15671296585411776,-0.7350926172180601,0.1306459681229981,0.0031484626052172586
0.5518782265204917,1.237960547073171,-0.47199438183657183,0.0008485076377269405,0.5047116861028135,-0.5199318650244035,0.815505160152122,-0.4146480961789085,0.9022414708535206,-0.0025752094028457496,0.305890592502044,0.8001077492980612,-0.5151568808769815,-0.6503410924970828,-0.1522630582952907,1.6699132986003553,-1.2665256967664604,0.33985422439637314,0.4641742195057169,1.2294746473373186
-1.6528045348100857,-0.012845245624624281,-0.47199438183657183,-1.321126391940881,1.3792822637787898,0.9360597908461863,0.2394007893386072,-1.4252004604679982,0.12841084199990715,-1.2477333558409487,1.0020028246886463,1.115934421050374,-0.2509361784497884,-0.3465898145090468,-0.4721361003638061,0.23176438696553908,-1.2665256967664604,-0.8982168461011842,1.195216637330653,0.0031484626052172586
0.9928147787866072,-0.012845245624624281,-0.47199438183657183,-0.6601389421515771,-0.4892781672397622,-1.4255726079104163,0.4352994586896817,0.8979084229551964,1.0061888687592297,0.9428226425223806,-0.40387089913919766,-1.3317222850300516,-1.21974542068283,1.6692141212297376,0.007673462738967013,-1.3199225966404469,-0.15671296585411776,0.9463417420387576,-0.5471463674986762,-1.2231777221268842
-1.2118679825439702,1.237960547073171,0.4204415974126744,-1.321126391940881,1.154493038994603,0.981341827990487,-0.2729495766565107,-1.6342802599760855,-1.696443476789211,0.8044717373625914,-0.40387089913919766,-1.2001278384665879,1.290351252375505,0.7993809160821799,1.3471418264008752,-1.2253075366644721,-1.2665256967664604,-1.5841751419173984,1.2962374605416487,0.0031484626052172586
-1.6528045348100857,-0.012845245624624281,1.3128775766619205,1.9838108570056392,0.03405924671092249,-0.6035294720600354,0.7888443945007925,-0.9605786837833592,1.352680195111594,1.6115186841280285,0.25129355468348696,-0.015777819395414148,-0.11882582723619182,-0.7055685975858166,0.20759411403178915,-0.6954632007990135,-1.2665256967664604,-0.1704318249303228,0.32828869129085714,1.2294746473373186
0.5518782265204917,-0.012845245624624281,0.4204415974126744,-1.321126391940881,-0.5033274937887738,1.1868526119530822,0.3008364667090625,-1.3787382827995343,-0.36822672577181487,-0.6712712510084936,-1.7005505473299276,-1.2001278384665879,0.5857627125696566,-1.147388638295687,0.5274671561003046,-0.8279242847653782,2.0629124959705676,-2.324508180694654,0.7557995152096567,0.0031484626052172586
-0.7709314302778547,1.237960547073171,-1.364430361085818,-0.6601389421515771,0.35016909406368507,-0.6244288738189434,1.159776786171466,-0.18814498004514704,-1.534747524491441,0.11271721156364527,0.019256143954619494,-0.8579822774015822,0.49768914509392553,1.2412009567920503,-1.5317155522157633,-0.8468472967605731,0.9530997650582249,-0.8856688284947901,0.7570745629272594,0.0031484626052172586
-1.6528045348100857,1.237960547073171,1.3128775766619205,1.3228234072163352,-1.7010325820920187,0.17671486027252944,-0.8861471866370929,-1.1870817999171206,1.4104287495036547,0.06660024317704887,0.11480096013709433,-0.5684744949619619,1.642645522278429,1.6692141212297376,-1.3917710963107879,-1.3577686206308368,-1.2665256967664604,-0.31682536367158803,-1.9037767040367184,1.2294746473373186
-0.3299948780117392,-0.012845245624624281,-0.47199438183657183,0.0008485076377269405,-1.6623969340822367,0.5981861290771738,1.2768523222925223,-1.117388533414425,-0.703168341245767,-0.048692177789442154,0.9747043057793678,-0.7263878308381184,-1.395892555634292,1.0340978127092986,0.5274671561003046,0.26961041095592897,-1.2665256967664604,-0.5343243355157535,-1.6675166426229238,0.0031484626052172586
0.9928147787866072,-0.012845245624624281,-0.47199438183657183,0.6618359574270309,-1.3708734081902445,0.07570108510447417,-0.5882421095765832,1.2696058443029075,1.433528171260479,1.5654017157414322,-1.2228264664175534,1.5107177607407654,0.01328452397740475,-0.30516918569249646,-1.2718187055350947,-0.9414623567365479,-1.2665256967664604,1.017447175141658,-1.94245904063477,-1.2231777221268842
1.4337513310527226,1.237960547073171,0.4204415974126744,1.9838108570056392,0.7892105487202997,1.0335903323877569,0.2718573736097911,1.1418348557146318,0.3709547704465621,-0.6020957984285991,0.22399503577420843,0.5632377454838263,0.7178730637832531,1.2826215856086007,1.706998998727955,-0.9414623567365479,-0.15671296585411776,1.6113866751776482,0.25866658203432974,-1.2231777221268842
-0.3299948780117392,-0.012845245624624281,-1.364430361085818,-1.321126391940881,1.080734074612292,-0.6488115092043361,-1.644240262114032,0.09062808596563629,0.012913733215785749,-0.7404467035883883,0.3741368897752403,-0.2789667125223417,-1.307818988158561,0.7027327821768957,-1.0918901193715547,1.3482220946820411,-1.2665256967664604,0.16418197790685488,0.8061767863781005,1.2294746473373186
1.4337513310527226,1.237960547073171,1.3128775766619205,-1.321126391940881,-1.4657063623960733,-0.6453282755778513,0.4295036400698274,-1.6400880321846436,-0.2527296169876935,0.020483274790452453,0.9747043057793678,-0.2789667125223417,-1.21974542068283,-0.07045228906537772,-0.6920488167859105,1.6131442626147705,2.0629124959705676,-0.9400435714558314,-1.0096691298963396,0.0031484626052172586
-0.3299948780117392,-0.012845245624624281,0.4204415974126744,0.0008485076377269405,-0.9739799331806648,-0.5408312667833114,-0.8965796601528306,0.2532457078052599,0.6019489880148049,-1.7089030397069127,0.3331891114113225,-0.779025609463504,0.6297994963075221,1.475917853419169,0.04765759299753144,-0.3170029608951145,-1.2665256967664604,0.5155264708858914,-0.9740390009666299,-1.2231777221268842
-1.6528045348100857,1.237960547073171,0.4204415974126744,1.3228234072163352,-1.4902926838568438,-0.6627444437102747,1.1423893303119033,-0.7863455175266196,0.6365981206500413,-1.6397275871270183,-0.6905053476866222,1.6949499859296147,-0.6032304483527126,1.3930765957860685,0.38752270019532903,-1.641613800558761,-0.15671296585411776,-0.4924976101611063,-1.3205176367930918,0.0031484626052172586
-1.2118679825439702,-0.012845245624624281,1.3128775766619205,0.6618359574270309,-1.1847198314158398,0.37525917698215533,0.24287828051051977,-0.34495482967621266,-1.3961509939504955,1.4039923263883447,-1.2774235042361104,-1.4106789529681298,0.36557879388032893,-1.2716505247453382,1.327149761271593,-0.22238790091913974,-1.2665256967664604,-1.2370133214738266,-0.4033039167572621,0.0031484626052172586
0.5518782265204917,-1.2636510383224195,0.4204415974126744,0.6618359574270309,0.04810857325993416,-1.0598330771295263,0.9719922628881875,-0.8386154674036415,1.4797270147741275,-0.2101015671425296,1.288637273236071,-0.4631989377111909,-0.6913040158284437,0.7027327821768957,0.18760204890250692,1.4428371546580159,-0.15671296585411776,0.7204774251236628,0.0334699105694628,-1.2231777221268842
0.11094167425437625,1.237960547073171,0.4204415974126744,-0.6601389421515771,-1.2514541325236452,0.11053342136932082,-1.7392916874796422,-1.6575113488103175,-0.19498106259563278,-1.1554994190677559,-0.5540127531402296,1.2212099783011452,0.01328452397740475,0.9098359262596475,0.8273481330395377,0.15607233898475928,-0.15671296585411776,-0.9651396066686198,-0.6412810477736794,0.0031484626052172586
0.5518782265204917,-1.2636510383224195,-1.364430361085818,-0.6601389421515771,-1.6413229442587192,-1.3524247017542383,0.6045373623894265,1.4961089604366689,0.5903992771363927,0.22800963253013629,0.48333096541235443,0.5369188561711337,-0.2509361784497884,-0.4156241958699641,0.06764965812681364,1.423914142662821,0.9530997650582249,1.7452321963125195,-3.0756921034804123,-1.2231777221268842
0.11094167425437625,-1.2636510383224195,0.4204415974126744,-1.321126391940881,1.3511836106807666,0.1314328231282288,0.8896916384862568,0.46232550731334743,0.32475592693291355,-1.6858445555136146,-1.4958116555103387,-0.4105611590858054,0.7619098475211187,1.2826215856086007,0.5274671561003046,1.6699132986003553,0.9530997650582249,0.5615358687760034,0.818476017468183,-1.2231777221268842
-1.6528045348100857,1.237960547073171,0.4204415974126744,-1.321126391940881,0.0024482619756462346,0.2603124673081614,0.21042169623933582,-1.1638507110828886,-0.35667701489340276,0.8275302215558896,-1.0726846124165215,-0.12105337664618515,0.5857627125696566,-1.6720499366386583,1.4670942171765686,-0.4305410328662842,-0.15671296585411776,-1.4043202228924154,0.7332422727428477,0.0031484626052172586
0.11094167425437625,-1.2636510383224195,1.3128775766619205,1.3228234072163352,-1.7537175566508125,1.3157322561330147,1.3823362211738701,1.2405669832601176,1.029288290516054,1.1503490002620644,0.6061743005041078,0.03685995922997135,-0.6032304483527126,-1.6582430603664748,-0.05230273264887963,-1.5280757285875914,0.9530997650582249,0.7581214779428452,-2.7701660414800138,-1.2231777221268842
-0.3299948780117392,1.237960547073171,-1.364430361085818,-1.321126391940881,1.168542365543615,-0.21689053952023765,-0.19180811597855082,-0.4669180460559304,1.017738579637642,1.6806941367079231,-0.33562460186600135,0.5632377454838263,-0.6913040158284437,0.8131877923543633,-1.0918901193715547,1.1968379987204816,-1.2665256967664604,0.5406225060986798,0.745674711236342,-1.2231777221268842
0.5518782265204917,1.237960547073171,-0.47199438183657183,-1.321126391940881,1.5584111772786886,0.8489789501840697,-0.6972034996298436,-1.2161206609599107,1.283381929841121,-1.4783181977739308,-0.0899379316824946,0.22109218441882061,-1.6160764743236196,-1.2302298959287878,-0.032310667519597415,1.5752982386243806,-0.15671296585411776,-0.856390120746537,1.2429330418079088,0.0031484626052172586
0.9928147787866072,-1.2636510383224195,-0.47199438183657183,0.0008485076377269405,1.0982957327985565,0.11053342136932082,0.7865260670528508,-1.3671227383824183,-0.18343135171722064,1.33481687380845,0.21034577631956916,0.7737888599853684,0.8499834149968497,0.9788703076205648,-0.39216783984667725,-1.263153560654862,-0.15671296585411776,-0.6054297686186537,1.0179638651275102,0.0031484626052172586
-0.3299948780117392,1.237960547073171,1.3128775766619205,0.0008485076377269405,0.03405924671092249,-0.19947437138781432,-0.725023429005144,0.06158922492284635,0.9830894470024055,0.020483274790452453,1.6844657974206094,0.03685995922997135,-0.6032304483527126,-1.6858568129108418,-1.0119218588544259,0.26961041095592897,-1.2665256967664604,0.20600870326150209,0.19908767535521812,1.2294746473373186
-0.7709314302778547,-1.2636510383224195,1.3128775766619205,1.3228234072163352,-0.35229723338689845,-1.2444444593332136,-1.3243110742980762,-0.38560923513611856,0.4864518792306835,0.4124775060765219,-1.359319060963946,0.9317021958615249,1.5986087385405636,-0.5536929585917986,0.947300523815231,1.3292990826868463,-1.2665256967664604,0.18091266804871375,-0.10881020464985801,1.2294746473373186
0.11094167425437625,1.237960547073171,-1.364430361085818,1.3228234072163352,-1.816939526121365,-1.5649019529698027,-1.5886004033634311,0.8165996120353846,0.2670073725408528,1.1964659686486607,-0.021691634409298294,-1.2527656170919734,-1.4839661231100232,1.1169390703423994,-0.19224718855385511,1.083299926749312,-1.2665256967664604,1.092735280780023,-3.2066305558388946,-1.2231777221268842
-0.3299948780117392,-1.2636510383224195,1.3128775766619205,1.9838108570056392,-1.6202489544352017,-1.1747797868035204,0.9209890590334698,-1.5762025378905058,-0.35667701489340276,-0.5098618616554063,0.824562451778336,-0.12105337664618515,-0.16286261097405735,0.15045773128955756,-0.7320329470444749,1.2914530586964563,-0.15671296585411776,-0.9609569341331551,-1.3006302591725998,0.0031484626052172586
-0.3299948780117392,1.237960547073171,-0.47199438183657183,0.0008485076377269405,0.5187610126518251,-1.4813043459341708,0.9082382580697905,-0.3798014629275606,-0.8995134261787734,1.6345771683213266,0.22399503577420843,-0.8579822774015822,1.3343880361133704,0.5508571431828777,-1.3317949009229413,1.3292990826868463,-1.2665256967664604,-0.06168233900824004,0.5938931390048184,1.2294746473373186
1.4337513310527226,-0.012845245624624281,-0.47199438183657183,0.0008485076377269405,-0.19424230971051715,-0.14374263336405968,0.10493779735798803,0.20097575792823802,0.44025303571703495,-0.8557391245548793,-1.4548638771464208,-0.38424226977311265,-1.1316718532070988,-0.09806604160974462,1.607038673081544,-0.8279242847653782,-1.2665256967664604,-0.34192139888437634,0.2209261429883233,1.2294746473373186
0.11094167425437625,-1.2636510383224195,-1.364430361085818,-1.321126391940881,-0.5314261468867972,-1.4673714114282321,1.5735982356290612,0.2997078854737238,1.4566275930173034,0.04354175898375066,0.5106294843216329,0.6948321920472901,0.18943165892886685,1.3654628432417015,-1.5517076173450455,-0.05208079296238518,-1.2665256967664604,1.1136486434573465,-0.6621863518561973,-1.2231777221268842
0.11094167425437625,-0.012845245624624281,-1.364430361085818,-0.6601389421515771,1.1790793604553735,0.9047106882078243,1.0183588118470217,-0.6004968068527641,1.0870368449081147,1.7268111050945194,0.8382117112329752,-0.2000100445842634,0.23346844266673236,0.17807148383392446,-0.8519853378201682,1.6699132986003553,0.9530997650582249,0.7664868230137747,0.6914574597812015,-1.2231777221268842
0.11094167425437625,1.237960547073171,0.4204415974126744,1.3228234072163352,0.4204157268087434,0.3195274389584007,1.2919214507041434,-0.21718384108793698,0.2901067942976771,1.33481687380845,0.8109131923236967,0.6685133027345974,-1.6601132580614852,0.8408015448987303,1.5870466079522618,-1.6226907885635662,-0.15671296585411776,0.6159106117370448,0.32823832052441054,-1.2231777221268842
-1.2118679825439702,1.237960547073171,-0.47199438183657183,0.6618359574270309,0.12537986927949835,1.5769747781193646,0.18144260314006444,-0.635343440104112,-1.765741742059684,0.7352962847826967,0.5106294843216329,0.7474699706726756,-0.4270833134012505,1.503531605963536,-0.552104360880935,1.7456053465811352,-1.2665256967664604,-0.0031249235117339525,0.3344877299342337,1.2294746473373186
-0.3299948780117392,-1.2636510383224195,-0.47199438183657183,-0.6601389421515771,0.03405924671092249,0.061768150598535514,-1.0067002139300618,0.7643296621583627,-0.39132614752863915,-1.5705521345471236,-1.4412146176917815,0.11581662716804961,-0.9114879345177712,0.8822221737152807,-0.9719377285958614,-0.2791569369047246,-1.2665256967664604,-0.38374812423902355,0.40150260032105267,1.2294746473373186
0.5518782265204917,1.237960547073171,1.3128775766619205,0.6618359574270309,-1.4832680205823379,-1.3280420663688457,1.5249133592222852,-1.6807424376445494,0.2901067942976771,0.11271721156364527,-1.1682294285989963,0.08949773785535685,0.01328452397740475,-0.3465898145090468,-0.652064686527346,-1.5280757285875914,-1.2665256967664604,-2.006625067999335,-0.41146034365093365,0.0031484626052172586
1.4337513310527226,1.237960547073171,1.3128775766619205,0.6618359574270309,-0.6192344378181202,0.9047106882078243,-0.5696954899930495,0.7991762954097106,-0.8533145826651248,1.4731677789682394,0.7290176355958611,1.1422533103630668,0.6297994963075221,-0.2775554331481295,-1.5317155522157633,0.43991751891268355,0.9530997650582249,0.6911987173754097,-0.5894195253746867,-1.2231777221268842
-0.3299948780117392,-0.012845245624624281,-0.47199438183657183,-1.321126391940881,-0.7386537134847193,-1.5091702149460482,0.4352994586896817,0.23001461897102796,-1.6271452115187381,1.104232031875468,1.3568835705092672,1.352804424864609,0.14539487519100133,1.6139866161410037,0.9273084586859488,0.5345325788886583,0.9530997650582249,1.2223981293794293,-0.9658305107124939,-1.2231777221268842
0.11094167425437625,-0.012845245624624281,-1.364430361085818,-1.321126391940881,-1.823964189395871,-0.29352167930290024,0.8676675277308106,-0.5249957681415103,-1.199805909017489,0.3894190218832237,-1.4275653582371424,-0.7000689415254256,-1.043598285731368,0.7303465347212627,-0.831993272690886,-1.2063845246692773,0.9530997650582249,-1.6092711771301869,-1.3242464586404308,0.0031484626052172586
-0.3299948780117392,-0.012845245624624281,1.3128775766619205,-1.321126391940881,0.03405924671092249,-0.8543222931669312,-1.3324252203658722,0.5784809514845072,-1.4885486809777926,-1.5936106187404218,-1.6323042500567313,-1.1474900598412023,-0.16286261097405735,-0.9126717416685685,-1.0519059891129903,1.6699132986003553,0.9530997650582249,-1.2370133214738266,0.6943582364418346,0.0031484626052172586
1.4337513310527226,-1.2636510383224195,0.4204415974126744,0.6618359574270309,0.04459624162268124,-1.54051931758441,-0.3007695060318112,-1.0767341279545188,-1.7195428985460353,-1.4091427451940362,1.1248461597803998,1.2212099783011452,0.2775052264045979,0.7855740398099964,-1.031913923983708,-0.07100380495758013,0.9530997650582249,-1.0822544376616319,0.6476710456237449,0.0031484626052172586
1.4337513310527226,1.237960547073171,1.3128775766619205,-0.6601389421515771,-1.7466928933763066,0.9883082952434563,-1.57353127495181,-1.6807424376445494,1.5374755691661883,-0.07175066198274035,-0.6222590504134259,-0.3052856018350344,-0.9555247182556368,0.7855740398099964,-0.1322709931660085,-0.16561886493355488,0.9530997650582249,-0.8229287404628193,-1.6799677629082286,0.0031484626052172586
1.4337513310527226,1.237960547073171,-0.47199438183657183,-0.6601389421515771,1.077221742975039,-1.0807324788884345,0.6474264201763481,-0.5191879959329523,0.2901067942976771,1.2425829370352572,0.14209947904637285,1.6949499859296147,-0.9555247182556368,0.6889259059047123,0.947300523815231,-0.07100380495758013,-1.2665256967664604,0.5699012138469328,0.696548909281738,-1.2231777221268842
1.4337513310527226,-0.012845245624624281,0.4204415974126744,1.9838108570056392,0.05864556817169291,1.176402911073628,-0.21846888162988048,1.1127959946718418,1.6183235453150733,1.1734074844553626,1.4114806083278242,-0.3052856018350344,-1.7041500417993507,0.8822221737152807,-1.41176316144007,1.6699132986003553,-0.15671296585411776,2.1634994498589917,-0.45029520866116407,-1.2231777221268842
-1.2118679825439702,-0.012845245624624281,-0.47199438183657183,-0.6601389421515771,0.0024482619756462346,-0.11587676435218237,0.12232525321755085,1.0024483227092402,0.33630563781132566,-1.5705521345471236,0.1966965168649299,-1.1211711705285097,-0.8674511507799058,-0.33278293823686333,-0.17225512342457291,0.9319158307877523,0.9530997650582249,0.4276903476411323,0.09892138549500562,1.2294746473373186
-0.7709314302778547,-1.2636510383224195,0.4204415974126744,1.3228234072163352,-0.0010640696616066828,0.054801683345566184,-0.7354559025208818,-1.7097812986873395,-1.188256198139077,0.8505887057491878,-0.11723645059177314,1.1685721996757596,1.6866823060162948,1.075518441525849,0.4674909607124579,1.2536070347060664,-0.15671296585411776,-0.496680282696571,0.41659012636495296,0.0031484626052172586
-1.6528045348100857,-0.012845245624624281,-1.364430361085818,1.3228234072163352,0.5995446403086422,0.3648094761027013,-1.3161969282302801,-0.1707216634194731,0.856042627339872,-1.4552597135806327,-0.1718334884103302,1.2738477569265305,-1.4839661231100232,0.7165396584490792,-0.1522630582952907,0.8373007708117776,-1.2665256967664604,0.30221017157719066,0.5295452789461763,1.2294746473373186
0.11094167425437625,-0.012845245624624281,-0.47199438183657183,1.3228234072163352,-0.49279049887701515,-1.1225312824062503,0.2289683158228695,-1.6691268932274335,-1.707993187667623,1.311758389615152,1.2203909759628746,-0.7000689415254256,0.36557879388032893,1.379269719513885,1.227189435625182,-1.3577686206308368,-0.15671296585411776,-0.9107648637075784,0.19502567371784765,0.0031484626052172586
1.4337513310527226,-0.012845245624624281,0.4204415974126744,0.6618359574270309,-1.0336895710139644,-0.6035294720600354,-0.7586391770002989,0.206783530136796,-0.8764140044219491,1.6115186841280285,-0.9088934989608504,0.19477329510612784,0.7619098475211187,-0.8298304840354677,-1.691652073250021,-1.0928464526981074,-0.15671296585411776,-0.8982168461011842,-0.37529725132039315,0.0031484626052172586
1.4337513310527226,-0.012845245624624281,-1.364430361085818,-1.321126391940881,-1.26901579070991,1.3470813587713768,1.5399824876339063,0.9559861450407763,-1.280653885166374,-1.1093824506811596,-0.18548274786496943,0.5369188561711337,0.8499834149968497,0.09523022620082373,1.0272687843323598,0.6102246268694381,-0.15671296585411776,0.5113437983504268,-1.459852497897633,-1.2231777221268842
0.11094167425437625,-0.012845245624624281,-1.364430361085818,1.3228234072163352,0.5468596657498485,-1.613667223740588,-1.340539366433668,0.7875607509925946,-0.48372383455593626,-1.501376681967229,1.3841820894185457,0.9580210851742176,-1.7041500417993507,-0.9540923704851187,-0.552104360880935,1.0643769147541169,-0.15671296585411776,0.3649502596091615,0.4810251908549838,1.2294746473373186
-1.2118679825439702,-1.2636510383224195,-0.47199438183657183,-1.321126391940881,0.48012536464204303,-0.6035294720600354,-1.158550661770244,1.6529188100677346,0.32475592693291355,-1.1093824506811596,-0.0899379316824946,-1.515954510218901,1.2022776848997738,-0.36039669078123027,-0.1322709931660085,-0.7522322367845984,0.9530997650582249,0.6493719920207625,0.355138878411257,-1.2231777221268842
-0.7709314302778547,1.237960547073171,0.4204415974126744,0.0008485076377269405,0.3326074358774205,-1.655466027258404,0.808550177808297,-1.512317043596368,0.9137911817319327,0.5508284112363111,0.7153683761412218,0.8264266386107538,0.40961557761819445,1.3102353381529677,-0.23223131881241954,0.9886848667733371,0.9530997650582249,0.29802749904172593,0.3723728246803567,1.2294746473373186
0.9928147787866072,1.237960547073171,-1.364430361085818,1.3228234072163352,0.7154515843379885,-0.9448863674555326,0.15825932866064735,1.2231436666344435,-0.5068232563127606,-0.5559788300420027,-1.359319060963946,0.010541069917278602,1.642645522278429,-1.3682986586506223,-0.6920488167859105,0.061457279008784525,-1.2665256967664604,-0.20807587774950528,0.7396184688760785,1.2294746473373186
-0.7709314302778547,-0.012845245624624281,0.4204415974126744,-1.321126391940881,-1.739668230101801,-1.6206336909935575,0.10957445225387144,1.083757133629052,-0.7609168956378276,-0.9249145771347739,-0.7996994233237362,-1.5949111781569791,1.114204117424043,-1.4097192874671727,0.8673322632981022,0.004688243023199673,-1.2665256967664604,-0.30009467352972913,-2.0147478065878954,1.2294746473373186
0.9928147787866072,-1.2636510383224195,1.3128775766619205,-1.321126391940881,1.498701539445389,-0.9065707975642012,-0.5453530517896615,-1.7213968431044555,-0.20653077347404492,-0.2792770197224242,-1.0726846124165215,0.7474699706726756,-0.4270833134012505,-1.4649467925559065,-1.5517076173450455,-1.4145376566164216,-0.15671296585411776,-2.6967660363510144,1.6736142357073818,0.0031484626052172586
1.4337513310527226,1.237960547073171,-1.364430361085818,0.0008485076377269405,0.6206186301321597,0.5076220547885726,-0.09791585433691159,-0.3798014629275606,-0.056384532054687096,1.4039923263883447,0.12845021959173358,-0.06841559802079965,-0.0747890434983263,1.0617115652536655,0.027665527868249225,-1.5280757285875914,0.9530997650582249,-0.028220958724522276,0.6387884873155203,1.2294746473373186
1.4337513310527226,1.237960547073171,1.3128775766619205,0.0008485076377269405,-0.13102034023996462,0.5703202600652966,0.16869180217638505,-0.5191879959329523,-0.07948395381151137,0.020483274790452453,1.0702491219618426,1.6159933179915364,-1.7481868255372162,-1.630629307822108,0.8073560679102555,1.6888363105955504,-1.2665256967664604,0.0679805095911663,0.12174523380495873,1.2294746473373186
-0.7709314302778547,-0.012845245624624281,0.4204415974126744,-1.321126391940881,0.9578024673084398,-0.19947437138781432,-0.8977388238768015,1.2231436666344435,0.8213934947046356,0.5508284112363111,-0.581311272049508,0.4842810775457481,1.1582409011619084,1.531145358507903,0.32754650480748243,0.23176438696553908,0.9530997650582249,1.870712372376461,0.28414473328105216,-1.2231777221268842
-0.3299948780117392,-1.2636510383224195,0.4204415974126744,-0.6601389421515771,-1.648347607533225,-0.04969532544897375,-1.4506599202108992,1.3218757941799293,0.9484403143671691,-1.524435166160527,-1.5777072122381741,-1.1474900598412023,0.01328452397740475,-1.630629307822108,0.6274274817467156,0.8183777588165826,-1.2665256967664604,0.17254732297778433,-2.088205405912314,1.2294746473373186
0.5518782265204917,-1.2636510383224195,-1.364430361085818,-0.6601389421515771,0.03405924671092249,-0.8194899569020846,0.944172333512887,1.1360270835060737,-0.5645718107048213,1.4270508105816428,0.5242787437762721,0.7474699706726756,0.9380569824725807,0.48182276182196043,-0.07229479777816183,-0.9603853687317429,-0.15671296585411776,1.1596580413474584,-0.12822156501506746,-1.2231777221268842
0.5518782265204917,1.237960547073171,0.4204415974126744,0.6618359574270309,0.03405924671092249,1.0544897341466648,-0.17326149639501714,1.6529188100677346,1.283381929841121,1.1734074844553626,-1.4958116555103387,-0.2789667125223417,-0.33900974592551947,-1.6720499366386583,1.0272687843323598,-0.7711552487797934,-0.15671296585411776,0.8710536364003927,-0.029167452797744263,-1.2231777221268842
0.11094167425437625,-1.2636510383224195,0.4204415974126744,0.6618359574270309,1.46357822307286,-1.0528666098765571,-0.7980507436153079,-1.1928895721256787,0.7636449403125749,0.8275302215558896,0.5515772626855507,-1.621230067469672,0.9380569824725807,-1.5201742976446404,0.20759411403178915,0.7805317348261926,0.9530997650582249,-0.676535201721554,1.168399990688334,0.0031484626052172586
1.4337513310527226,-0.012845245624624281,-1.364430361085818,-1.321126391940881,-1.223355479425622,-1.0215175072381952,-0.6125845477799712,-1.6400880321846436,1.260282508084297,-1.4091427451940362,1.5479732028742168,1.2212099783011452,-0.2949729621876539,0.3299471228279425,-0.25222338394170174,-0.4683870568566741,2.0629124959705676,-0.3962961418454177,-0.8989073340793021,1.2294746473373186
-1.6528045348100857,-1.2636510383224195,-0.47199438183657183,-0.6601389421515771,1.4144055801513191,-1.5056869813195635,-0.6160620389518837,-0.44368695722169843,-0.04483482117627496,-0.1870430829492314,-0.7314531260505399,-0.8843011667142749,0.6297994963075221,0.9098359262596475,-1.6116838127328923,1.6699132986003553,0.9530997650582249,-0.3670174340971647,1.0749145980903194,1.2294746473373186
0.5518782265204917,-1.2636510383224195,-1.364430361085818,1.3228234072163352,0.03405924671092249,-1.728613933414582,0.8885324747622859,-0.36237814630188664,-0.19498106259563278,0.6430623480095039,1.097547640871121,-0.5947933842746547,1.2022776848997738,0.15045773128955756,-1.1918504450179657,-0.9225393447413529,0.9530997650582249,-0.26663329324601137,0.3613067286966316,1.2294746473373186
-0.3299948780117392,-1.2636510383224195,1.3128775766619205,0.6618359574270309,0.7119392527007355,-0.71150971448106,-0.6705427339785139,0.5726731792759492,-1.442349837464144,0.7352962847826967,0.8928087490515323,1.326485535551916,-1.043598285731368,0.6751190296325288,1.5670545428229796,-1.0550004287077175,0.9530997650582249,0.7079294075172686,0.47311308800330515,-1.2231777221268842
1.4337513310527226,-1.2636510383224195,1.3128775766619205,0.6618359574270309,0.03405924671092249,-1.5683851865962875,-1.5943962219832852,-0.5075724515158363,-1.2229053307743132,-0.8096221561682828,0.3331891114113225,-0.0947344873334924,-1.307818988158561,-0.4018173195977806,-1.4517472916986345,0.25068739896073405,-1.2665256967664604,-1.3624934975377683,0.7374252417537143,0.0031484626052172586
-1.2118679825439702,-1.2636510383224195,-1.364430361085818,0.0008485076377269405,-1.005590917915941,1.1555035093147201,-0.07821007102940705,-1.5413559046391578,-0.7840163173946519,-1.063265482294563,-1.6869012878752883,1.1685721996757596,-1.7041500417993507,-0.38801044332559714,0.10763378838537807,-1.0360774167125226,-1.2665256967664604,-2.4039789588684837,0.3851246210984513,0.0031484626052172586
-0.3299948780117392,-1.2636510383224195,-0.47199438183657183,1.9838108570056392,0.6452049515929301,-1.3419750008747842,-0.2868595413441609,-1.2451595220027005,0.34785534868973783,-0.3253939881090206,1.507025424510299,0.8001077492980612,-0.16286261097405735,0.7303465347212627,-0.5920884911394994,-1.5848447645731762,-0.15671296585411776,-0.5092283003029652,0.792904415540031,0.0031484626052172586
0.5518782265204917,-1.2636510383224195,-1.364430361085818,0.6618359574270309,0.8524325181908523,0.8280795484251617,-1.3208335831261635,0.7120597122813408,-1.2922035960447862,-0.1870430829492314,-0.5676620125948688,-1.0422145025904315,-0.9114879345177712,-0.24994168060376262,0.8673322632981022,0.11822631499436938,-1.2665256967664604,-0.2833639833878703,0.8260086954085399,1.2294746473373186
1.4337513310527226,-0.012845245624624281,-0.47199438183657183,-0.6601389421515771,0.0024482619756462346,1.4132627976745853,1.7045837364377678,0.47974882393902135,0.4633524574738592,-0.9018560929414757,0.7017191166865826,-1.3843600636554372,-0.6032304483527126,-0.5813067111361655,-0.25222338394170174,-0.6765401888038186,-1.2665256967664604,-0.0909610467564931,0.278500814761518,1.2294746473373186
-0.7709314302778547,-1.2636510383224195,0.4204415974126744,0.6618359574270309,0.48012536464204303,-0.36666958545907824,-1.596714549431227,1.066333817003378,-0.6569694977321184,0.13577569575694348,0.5379280032309115,-0.7263878308381184,-0.9114879345177712,1.1997803279755002,-1.511723487086481,1.2536070347060664,0.9530997650582249,0.8417749286521397,0.2963513615090138,-1.2231777221268842
0.9928147787866072,-1.2636510383224195,-0.47199438183657183,-1.321126391940881,-0.584111121445591,-0.01834622281061177,-1.436749955523249,1.6703421266934084,-0.04483482117627496,1.6806941367079231,0.9610550463247286,1.326485535551916,-1.4399293393721575,-1.7134705654552087,-0.3321916444588306,-0.7711552487797934,0.9530997650582249,1.1011006258509524,-0.7187673691565911,-1.2231777221268842
0.9928147787866072,-1.2636510383224195,1.3128775766619205,-0.6601389421515771,-0.37337122321041594,-1.6798486626437967,0.43182196751776913,-0.8037688341522936,-1.199805909017489,-1.61666910293372,-1.5777072122381741,1.1685721996757596,0.8499834149968497,0.04000272111208992,-0.41215990497595945,-1.4145376566164216,-0.15671296585411776,-1.9104235996836467,0.6806151184083208,0.0031484626052172586
-1.2118679825439702,1.237960547073171,-1.364430361085818,1.3228234072163352,-1.047738897562976,-1.7564798024264594,-0.9359912267678397,-1.465854865927904,-1.7426423203028596,-0.9940900297146685,1.2340402354175137,-1.2264467277792808,0.23346844266673236,-0.6641479687692662,1.427110086918004,0.32637944694151383,0.9530997650582249,-1.4921563461371745,-0.10238136182793978,0.0031484626052172586
0.5518782265204917,-0.012845245624624281,1.3128775766619205,0.6618359574270309,-1.6167366227979487,-0.7184761817340293,0.5164409193676415,-0.8618465562378734,-1.765741742059684,-0.07175066198274035,-0.03534089386393756,0.6421944134219046,1.4224616035891016,0.15045773128955756,-0.931953598337297,0.13714932698956434,-1.2665256967664604,-1.1659078883709264,-1.1638292320325174,0.0031484626052172586
1.4337513310527226,-1.2636510383224195,0.4204415974126744,1.3228234072163352,-0.9564182749944002,-0.04272885819600442,0.32517890491245044,-1.483278182553578,1.1563351101785877,0.8967056741357842,0.3331891114113225,-0.6474311629000402,-0.7353407995663092,-1.07835425693477,-0.43215197010524165,1.2157610107156764,0.9530997650582249,-0.705813909469807,-0.3712238798354313,0.0031484626052172586
1.4337513310527226,1.237960547073171,0.4204415974126744,0.0008485076377269405,0.8067722069065644,0.009519646201265546,-0.25556212079694784,-0.1358750301681252,-1.4769989700993804,-0.6251542826218972,-1.1545801691443571,0.9317021958615249,-0.9114879345177712,-0.9402854942129353,0.6274274817467156,1.5185292026387958,-1.2665256967664604,-0.856390120746537,0.9669666377986582,0.0031484626052172586
0.11094167425437625,1.237960547073171,1.3128775766619205,1.3228234072163352,0.03405924671092249,-1.759963036052944,0.07595870425871665,0.3287467465165137,-1.2229053307743132,0.4124775060765219,-1.6459535095113704,1.1422533103630668,0.541725928831791,0.3437539991001259,-1.311802835793659,1.5563752266291857,-0.15671296585411776,-0.2289892404268289,0.3483866271030677,1.2294746473373186
-1.6528045348100857,1.237960547073171,-0.47199438183657183,0.0008485076377269405,-1.6448352758959721,-0.08801089534030505,0.9314215325492076,1.3625301996398353,0.6250484097716292,-1.1093824506811596,-1.4412146176917815,-1.6738678460950573,-0.33900974592551947,-0.6917617213136331,-1.3717790311815057,-0.5819251288278439,0.9530997650582249,-0.35865208902623524,-1.7390575969079671,1.2294746473373186
0.11094167425437625,1.237960547073171,0.4204415974126744,0.0008485076377269405,0.2974841195048913,-1.6415330927524654,-0.4572566087678766,-1.6575113488103175,0.6365981206500413,1.219524452841959,-0.33562460186600135,1.5107177607407654,1.3343880361133704,1.503531605963536,-0.6120805562687816,0.5913016148742432,-0.15671296585411776,-0.019855613653592837,0.45160453274496337,1.2294746473373186
1.4337513310527226,-0.012845245624624281,1.3128775766619205,-0.6601389421515771,-0.21531629953403464,0.054801683345566184,0.11884776204563828,-1.7446279319386873,1.341130484233182,-1.3399672926141415,-0.1991320073196087,0.5632377454838263,-1.572039690585754,-0.4984654535030648,-1.3917710963107879,-0.3926950088758943,-1.2665256967664604,-1.6636459200912281,0.6916712265518511,0.0031484626052172586
-0.7709314302778547,-1.2636510383224195,-0.47199438183657183,0.0008485076377269405,-1.1566211783178166,-0.5791468366746427,-0.8235523455426668,0.2648612522223759,-1.1651567763822526,-1.6627860713203164,1.1657939381443174,0.8790644172361394,1.378424819851236,-0.898864865396385,0.9672925889445132,-0.6954632007990135,0.9530997650582249,-0.1286050995756756,-0.9326417575269077,1.2294746473373186
0.9928147787866072,-1.2636510383224195,-1.364430361085818,0.6618359574270309,0.5082240177400663,-1.5265863830784714,-0.44334664408022634,0.9095239673723123,0.9253408926103448,1.6345771683213266,-0.7178038665959007,0.6421944134219046,-0.471120097139116,0.10903710247300719,1.2871656310130286,-1.4902297045972015,-1.2665256967664604,1.0969179533154876,0.23649867052742593,-1.2231777221268842
0.9928147787866072,-1.2636510383224195,1.3128775766619205,-0.6601389421515771,-0.6157221061808672,-0.07756119446085107,1.2583057027089888,0.5262110016074852,-1.4192504157073196,-1.7089030397069127,-0.32197534241136205,-0.2000100445842634,-0.5591936646148471,-1.2164230196566044,0.7273878073931267,-0.8468472967605731,0.9530997650582249,-1.0320623672360554,0.1355999440532479,0.0031484626052172586
1.4337513310527226,1.237960547073171,-0.47199438183657183,0.0008485076377269405,1.625145478386494,0.04435198246611219,0.19419340410374386,1.5541866825222488,-1.2460047525311375,0.988939610908977,1.2749880137814316,-1.621230067469672,-0.9114879345177712,-1.451139916283723,-0.17225512342457291,1.4806831786484058,0.9530997650582249,0.7455734603364511,0.8817127777564615,-1.2231777221268842
-0.3299948780117392,-1.2636510383224195,1.3128775766619205,1.3228234072163352,-0.47522884069075055,0.023452580707204202,1.1458668214838157,0.7527141177412467,-1.3499521504368468,-1.3630257768074396,0.879159489596893,1.010658863799603,0.2775052264045979,1.0893253177980324,0.4474988955831757,-1.0360774167125226,-0.15671296585411776,0.45696905538938537,-0.3362895413372827,-1.2231777221268842
0.9928147787866072,1.237960547073171,-1.364430361085818,0.6618359574270309,0.03405924671092249,0.5285214565474805,0.12232525321755085,-1.1870817999171206,-0.8302151609083005,-0.5098618616554063,-1.6732520284206491,-0.4631989377111909,0.36557879388032893,1.531145358507903,0.9672925889445132,0.6291476388646331,0.9530997650582249,-0.9944183144168728,0.6110953595055338,0.0031484626052172586
1.4337513310527226,-1.2636510383224195,-1.364430361085818,-0.6601389421515771,-1.6659092657194896,0.6434681662214745,1.0995002725249816,1.6006488601907127,0.3825044813249742,-0.5790373142353008,0.824562451778336,-0.6474311629000402,-0.0747890434983263,0.39898150418885975,0.8673322632981022,0.5534555908838532,-1.2665256967664604,1.7535975413834488,-3.15714140160537,-1.2231777221268842
0.9928147787866072,1.237960547073171,0.4204415974126744,-0.6601389421515771,0.5468596657498485,-0.627912107445428,0.4422544410335068,0.7817529787840366,-0.09103366468992352,-0.7404467035883883,-0.581311272049508,-0.17369115527157064,0.9380569824725807,-1.6996636891830252,-0.1522630582952907,-1.282076572650057,-1.2665256967664604,-0.5510550256576124,0.7563830249876569,0.0031484626052172586
0.11094167425437625,1.237960547073171,-0.47199438183657183,-1.321126391940881,-0.924807290259124,-0.1228432316051517,-1.3289477291939595,0.09643585817419427,1.2256333754490605,-1.2938503242275452,1.0429506030525642,1.5896744286788436,-0.5151568808769815,-0.24994168060376262,-1.031913923983708,-0.5440791048374539,-0.15671296585411776,0.3900462948219498,-0.8446282081101817,1.2294746473373186
0.5518782265204917,-1.2636510383224195,0.4204415974126744,0.6618359574270309,1.5162631976316536,0.047835216092596854,-1.211872193072903,0.6946363956556668,0.7405455185557506,-1.1093824506811596,-0.39022163968455836,0.1684544057934351,0.057321307715270275,-0.15329354669847844,0.36753063506604683,0.26961041095592897,0.9530997650582249,0.5699012138469328,0.8823561946616216,-1.2231777221268842
1.4337513310527226,-0.012845245624624281,-0.47199438183657183,-1.321126391940881,1.3968439219650546,0.01300287982775021,-0.7841407789276577,1.5890333157735967,1.352680195111594,-0.1870430829492314,0.56522652214019,0.11581662716804961,1.290351252375505,1.4621109771469858,1.4071180217887218,-0.9036163327461579,0.9530997650582249,2.452103854806057,0.3658179316978007,-1.2231777221268842
-1.6528045348100857,-0.012845245624624281,1.3128775766619205,0.6618359574270309,1.456553559798354,1.5456256754810025,-1.0229285060656539,0.8107918398268266,-0.36822672577181487,0.3202435693033291,-1.2228264664175534,1.352804424864609,0.36557879388032893,-1.6996636891830252,0.287562374548918,-1.0171544047173278,0.9530997650582249,-0.2959120009942644,1.0722824624974758,1.2294746473373186
1.4337513310527226,-0.012845245624624281,0.4204415974126744,-1.321126391940881,-1.6413229442587192,-0.8299396577815386,-1.5978737131551979,0.19516798571968003,-1.3037533069231984,-1.3169088084208433,-0.36292312077527983,0.3790055202949771,-1.1757086369449643,1.531145358507903,-1.2718187055350947,1.7266823345859401,-0.15671296585411776,-0.1537011347884639,-1.8617684733453206,1.2294746473373186
-0.7709314302778547,1.237960547073171,1.3128775766619205,-1.321126391940881,0.3150457776911559,-0.37015281908556286,0.9464906609608287,-0.6759978455640179,1.6991715214639582,-1.4552597135806327,-0.7724009044144577,-0.8053444987761966,-1.307818988158561,1.6139866161410037,0.20759411403178915,1.1211459507397017,0.9530997650582249,0.15581663283592545,0.40648181865290667,1.2294746473373186
1.4337513310527226,1.237960547073171,-1.364430361085818,0.6618359574270309,-0.8650976524258244,-0.8926378630582625,0.9244665502053825,1.3915690606826252,0.8213934947046356,-1.2016163874543524,1.288637273236071,0.5895566347965191,0.7619098475211187,-1.175002390840054,-0.6920488167859105,-0.7900782607749883,-0.15671296585411776,0.9672551047160813,-1.0270051123911725,-1.2231777221268842
1.4337513310527226,-1.2636510383224195,0.4204415974126744,-1.321126391940881,-0.05726137585765336,-0.14374263336405968,1.3406063271109194,0.7701374343669206,-1.4654492592209682,1.2425829370352572,1.6435180190566918,-1.621230067469672,-0.33900974592551947,0.8408015448987303,-0.7120408819151927,-0.07100380495758013,-0.15671296585411776,0.5531705237050739,0.00807435398689118,-1.2231777221268842
0.5518782265204917,-0.012845245624624281,-0.47199438183657183,1.3228234072163352,1.2668876513866965,0.047835216092596854,0.6462672564523773,-0.4553025016388144,1.190984242813824,-1.386084261000738,-1.0863338718711608,-0.779025609463504,1.0701673336861774,-0.9817061230294857,-0.9919297937251437,-1.0739234407029126,0.9530997650582249,-1.2453786665447562,1.2456273390720416,0.0031484626052172586
-1.6528045348100857,-1.2636510383224195,-0.47199438183657183,0.6618359574270309,0.05162090489718708,0.023452580707204202,-1.3231519105741052,0.3345545187250717,-0.8186654500298883,-1.5705521345471236,-1.1136323907804393,0.9053833065488321,-1.7041500417993507,-0.15329354669847844,0.6874036771345623,0.21284137497034414,-0.15671296585411776,-0.5552376981930771,0.47192859693009265,0.0031484626052172586
0.9928147787866072,-1.2636510383224195,-1.364430361085818,1.9838108570056392,1.073709411337786,-0.025312690063581098,0.9789472452320126,0.8688695619124064,-1.4308001265857317,0.9428226425223806,0.08750244122781581,0.1684544057934351,1.114204117424043,1.5725659873244533,-1.2118425101472479,0.6291476388646331,-0.15671296585411776,0.7999482032974925,0.6335902372423422,-1.2231777221268842
0.9928147787866072,-0.012845245624624281,0.4204415974126744,0.6618359574270309,-1.4130213878372795,-1.3837738043926002,-0.3830701304337419,-0.44368695722169843,0.9484403143671691,-0.1639845987559332,0.10115170068245506,-1.6475489567823647,0.6738362800453876,-0.5260792060474317,-0.5920884911394994,-0.8090012727701832,-0.15671296585411776,-0.6347084763669069,-1.0905298725949573,0.0031484626052172586
-0.3299948780117392,-1.2636510383224195,1.3128775766619205,0.6618359574270309,0.0024482619756462346,0.9848250616169716,1.359152946694453,0.8224073842439426,-0.20653077347404492,-0.6020957984285991,-0.1308857100464124,0.8001077492980612,-0.2949729621876539,-0.6917617213136331,0.32754650480748243,1.5563752266291857,0.9530997650582249,0.6702853546980861,0.01492455567679812,-1.2231777221268842
-0.3299948780117392,-1.2636510383224195,-0.47199438183657183,-1.321126391940881,-1.356824081641233,-0.6139791729394894,1.6837187894062924,0.41586332964488354,0.936890603488757,1.5654017157414322,-0.9771397962340467,-0.0420967087081069,-0.6032304483527126,-0.15329354669847844,1.706998998727955,0.7994547468213876,-1.2665256967664604,1.046725882889911,-1.9285174876942832,-1.2231777221268842
0.9928147787866072,1.237960547073171,-0.47199438183657183,-0.6601389421515771,1.1790793604553735,-0.6209456401924587,1.3324921810431234,1.1534504001317478,1.341130484233182,0.7122378005893986,1.4660776461463814,0.7737888599853684,0.7178730637832531,-0.44323794841433095,0.08764172325609586,-0.10884982894797003,2.0629124959705676,1.946000478014826,0.3839539602018364,-1.2231777221268842
0.11094167425437625,-1.2636510383224195,-1.364430361085818,-1.321126391940881,0.03405924671092249,1.0370735660142416,-0.27410874038048155,0.9211395117894283,0.6019489880148049,-0.6482127668151955,-0.9634905367794074,0.4842810775457481,-0.7353407995663092,0.10903710247300719,-0.2122392536831373,-0.7711552487797934,0.9530997650582249,0.29384482650626126,0.16894077163690227,1.2294746473373186
-1.6528045348100857,1.237960547073171,-1.364430361085818,0.0008485076377269405,1.6462194682100115,-1.0598330771295263,0.2336049707187529,1.2696058443029075,-1.7541920311812718,1.4270508105816428,-0.7451023855051792,1.1948910889884523,-0.9555247182556368,0.9512565550761979,-0.37217577471739505,1.6131442626147705,0.9530997650582249,0.9756204497870108,0.83504667947152,-1.2231777221268842
0.5518782265204917,-1.2636510383224195,0.4204415974126744,-0.6601389421515771,-1.4165337194745324,-0.8403893586609926,0.4944168086121953,-0.2926848797991908,0.41715361396021067,-0.256218535529126,0.6334728194133863,0.3790055202949771,-1.307818988158561,-0.1947141755150288,-0.19224718855385511,-0.9982313927221327,0.9530997650582249,-0.2959120009942644,-1.2910400151900736,1.2294746473373186
0.11094167425437625,-1.2636510383224195,0.4204415974126744,0.6618359574270309,-1.2795527856216686,0.761898109521953,-1.3312660566419012,1.3276835663884874,0.8791420490966962,1.450109294774941,-1.1136323907804393,0.9317021958615249,1.4224616035891016,-1.0369336281182195,-1.1118821845008369,1.7077593225907453,-0.15671296585411776,1.3102342526241884,-1.9101014028813617,-1.2231777221268842
0.9928147787866072,1.237960547073171,-1.364430361085818,-0.6601389421515771,0.005960593612899153,0.4170579804999713,0.3344522147042173,-1.6807424376445494,-1.3153030178016103,0.9658811267156788,-0.15818422895569093,-0.2526478232096489,-0.11882582723619182,0.5784708957272446,0.22758617916107135,-1.2253075366644721,0.9530997650582249,-1.6594632475557634,0.8235732990197802,0.0031484626052172586
-0.7709314302778547,-0.012845245624624281,1.3128775766619205,0.0008485076377269405,-0.5525001367103147,1.176402911073628,-1.6465585895619739,1.5309555936880168,1.3642299059900063,-1.3630257768074396,0.6880698572319434,0.8527455279234466,-1.21974542068283,0.9374496788040144,-1.1918504450179657,-0.4683870568566741,0.9530997650582249,1.511002534326495,-0.8494084280874582,-1.2231777221268842
0.5518782265204917,1.237960547073171,-0.47199438183657183,0.0008485076377269405,-0.8475359942395598,0.7026831378717138,-0.8119607083029582,1.008256094917798,1.595224123558249,-0.71738821939509,1.657167278511331,-1.3317222850300516,-1.1316718532070988,0.20568523637829136,-0.552104360880935,-0.014234768971995278,0.9530997650582249,1.3060515800887238,-1.155836799848309,-1.2231777221268842
0.5518782265204917,1.237960547073171,0.4204415974126744,-0.6601389421515771,1.0139997735044866,-0.8403893586609926,0.7552286465056376,-0.5946890346442061,-0.8648642935435369,0.527769927043013,0.12845021959173358,0.08949773785535685,0.8059466312589841,0.896029049987464,-1.2118425101472479,1.2157610107156764,-1.2665256967664604,-0.2289892404268289,0.8826214772583312,1.2294746473373186
-0.7709314302778547,1.237960547073171,1.3128775766619205,1.3228234072163352,-1.69049558718026,-0.04272885819600442,-0.1848531336347257,-1.465854865927904,1.6760720997071339,-0.4176279248822134,0.5242787437762721,-0.8843011667142749,-0.33900974592551947,-1.2164230196566044,1.5270704125644152,0.9508388427829473,0.9530997650582249,-0.3753827791680941,-1.8388845648763286,1.2294746473373186
-0.3299948780117392,-0.012845245624624281,0.4204415974126744,0.6618359574270309,0.04810857325993416,1.4655113020718553,-0.49203152048700227,0.3229389743079557,0.8906917599751084,1.2425829370352572,-0.5540127531402296,1.6949499859296147,0.14539487519100133,0.896029049987464,1.507078347435133,-1.3577686206308368,0.9530997650582249,1.1805714040247821,-0.12383156273279272,-1.2231777221268842
0.11094167425437625,-0.012845245624624281,0.4204415974126744,1.9838108570056392,1.3792822637787898,-1.4847875795606555,1.7011062452658552,0.7759452065754786,1.5374755691661883,1.5884601999347303,1.2203909759628746,-1.4633167315935154,1.7307190897541602,0.4956296380941439,-0.11227892803672626,0.9508388427829473,-1.2665256967664604,2.046384618865979,0.4585158378083551,-1.2231777221268842
0.11094167425437625,-0.012845245624624281,1.3128775766619205,0.0008485076377269405,-0.17668065152425255,0.16278192576659078,1.6060548199002451,-0.1300672579595672,1.0523877122728784,0.7122378005893986,-0.8542964611422933,0.9317021958615249,0.8499834149968497,-1.7134705654552087,-1.4917314219571989,0.9129928187925573,0.9530997650582249,-0.24571993056868777,0.1994428671516048,1.2294746473373186
-1.6528045348100857,-0.012845245624624281,-1.364430361085818,0.6618359574270309,-1.729131235190042,0.368292709729186,-0.5720138174409912,-1.3090450162968383,0.3825044813249742,-0.8787976087481775,-1.1409309096897178,-1.4633167315935154,0.7178730637832531,1.5863728635966368,1.2071973704958998,-0.8090012727701832,-1.2665256967664604,-0.9233128813139726,-1.5698134392854972,0.0031484626052172586
-0.3299948780117392,-0.012845245624624281,0.4204415974126744,0.6618359574270309,1.625145478386494,1.343598125144892,-0.5731729811649621,-1.41939268825944,1.6991715214639582,-0.8096221561682828,0.5515772626855507,1.3001666462392234,-0.4270833134012505,-0.48465857723088135,-1.0918901193715547,-1.2442305486596672,0.9530997650582249,-0.8689381383529312,1.2665763419708274,0.0031484626052172586
0.11094167425437625,1.237960547073171,-0.47199438183657183,1.3228234072163352,1.3020109677592258,-0.8612887604199005,-1.08552334716008,0.3055156576822818,-1.3499521504368468,-1.61666910293372,-1.2364757258721926,-0.5947933842746547,0.2775052264045979,0.1366508550173741,0.7673719376516911,-1.603767776568371,2.0629124959705676,-1.1617252158354616,1.2359364066428542,0.0031484626052172586
-1.6528045348100857,-1.2636510383224195,-0.47199438183657183,0.6618359574270309,1.2809369779357083,-1.718164232535128,-0.1442824032957458,-0.14168280237668315,0.001364022337373608,-0.14092611456263496,-1.3729683204185852,0.7474699706726756,-0.4270833134012505,0.7165396584490792,-0.8120012075616037,1.1589919747300916,0.9530997650582249,-0.16624915239485807,0.9748327563544238,1.2294746473373186
0.11094167425437625,1.237960547073171,-0.47199438183657183,0.6618359574270309,1.6567564631217704,-1.477821112307686,-0.9139671160123934,0.7004441678642248,0.278557083419265,1.4039923263883447,1.3432343110546279,1.4843988714280727,0.057321307715270275,-0.13948667042629498,-0.9919297937251437,-1.3956146446212268,-1.2665256967664604,0.9547070871096871,0.8440632265328837,-1.2231777221268842
-1.2118679825439702,-1.2636510383224195,-0.47199438183657183,-0.6601389421515771,1.165030033906362,-1.718164232535128,-1.2814220165111545,-1.3090450162968383,-1.2575544634095497,-0.9940900297146685,0.18304725741029065,0.6421944134219046,1.0701673336861774,-1.326878029834072,-1.1718583798886835,-0.525156092842259,0.9530997650582249,-2.0819131736377003,1.4298420276001114,0.0031484626052172586
0.11094167425437625,-0.012845245624624281,0.4204415974126744,1.3228234072163352,0.08674422126971626,-0.5129653977714341,1.0114038295031966,-0.5366113125586263,0.18615939639196785,-1.2477333558409487,0.4423831870484366,-0.9369389453396604,1.0261305499483118,1.5725659873244533,1.0672529145909242,1.423914142662821,-0.15671296585411776,0.5531705237050739,0.1197674556835136,-1.2231777221268842
-0.3299948780117392,-1.2636510383224195,-1.364430361085818,0.0008485076377269405,1.4144055801513191,-0.7254426489869986,-0.02836603089866029,-1.5297403602220419,0.6827969641636898,0.7352962847826967,-0.7996994233237362,-0.7527067201508112,-0.7353407995663092,0.7993809160821799,1.4670942171765686,0.40207149492229366,-1.2665256967664604,-0.5175936453738946,1.1123220601883401,0.0031484626052172586
1.4337513310527226,-1.2636510383224195,1.3128775766619205,-1.321126391940881,-0.6227467694553731,0.1697483930195601,0.6520630750722316,-0.5714579458099741,-1.4654492592209682,1.6115186841280285,0.22399503577420843,0.5895566347965191,-0.2949729621876539,-0.24994168060376262,-1.311802835793659,-0.6765401888038186,0.9530997650582249,-1.0153316770941965,0.1221324373147339,0.0031484626052172586
-1.6528045348100857,-0.012845245624624281,-1.364430361085818,0.6618359574270309,-0.2539519475438167,0.8106633802927383,-0.8223931818186959,0.636558673570087,1.0523877122728784,-0.3253939881090206,0.3877861492298796,1.4317610928026872,1.5105351710648325,0.9926771838927483,-0.1522630582952907,-1.2253075366644721,-0.15671296585411776,1.2684075272695412,-0.42680735402263403,-1.2231777221268842
-0.3299948780117392,-1.2636510383224195,0.4204415974126744,0.6618359574270309,-0.28205060064184007,1.62574004889015,1.6269197669317206,1.443839010559647,1.1447853993001755,-0.3945694406889152,-1.564057952783535,-0.5947933842746547,0.45365236135606,0.9926771838927483,-0.3321916444588306,0.7994547468213876,-0.15671296585411776,1.2600421821986119,-0.4515906325589473,-1.2231777221268842
0.11094167425437625,1.237960547073171,-1.364430361085818,-1.321126391940881,-0.6508454225533964,-0.9135372648171706,-1.6349669523222652,0.7643296621583627,1.4681773038957155,-0.6943297352017919,0.9064580085061715,-1.2001278384665879,-0.383046529663385,0.012388968567723011,-0.27221544907098394,0.042534267013589575,-0.15671296585411776,0.9630724321806166,-0.741647013928388,-1.2231777221268842
0.9928147787866072,-0.012845245624624281,-1.364430361085818,1.3228234072163352,-1.1425718517688048,-0.171608502375937,-1.4413866104191324,-1.5355481324306,1.0061888687592297,-1.1093824506811596,-0.9225427584154896,-0.5684744949619619,-1.572039690585754,0.3299471228279425,0.4474988955831757,-0.48731006885186906,-1.2665256967664604,-1.3792241876796272,-0.27471134998957647,0.0031484626052172586
1.4337513310527226,-1.2636510383224195,-1.364430361085818,-0.6601389421515771,1.667293458033529,1.343598125144892,1.1783234057549996,0.3752089241849776,-0.8186654500298883,-0.6482127668151955,0.49698022486699367,1.326485535551916,-1.307818988158561,0.2609127414670252,-1.2118425101472479,-1.641613800558761,0.9530997650582249,-0.44230553973552966,1.178441938846547,0.0031484626052172586
0.11094167425437625,1.237960547073171,-0.47199438183657183,1.3228234072163352,-1.7115695770037775,1.075389135905573,1.288443959532231,0.8572540174952905,-0.5761215215832334,0.9428226425223806,0.5925250410494685,0.1684544057934351,-1.1316718532070988,0.7993809160821799,-1.511723487086481,0.5723786028790482,-0.15671296585411776,0.7330254427300569,-2.62687817726414,-1.2231777221268842
-0.3299948780117392,1.237960547073171,-0.47199438183657183,-1.321126391940881,-0.036187386034135856,-0.8996043303112319,-1.5793270935716641,1.5658022269393648,1.190984242813824,1.0350565792955735,-1.5913564716928135,-0.4631989377111909,-0.2509361784497884,-1.3821055349228057,0.18760204890250692,-0.14669585293835993,0.9530997650582249,0.7497561328719158,-0.04382160543026833,-1.2231777221268842
0.5518782265204917,-1.2636510383224195,0.4204415974126744,-1.321126391940881,-0.1064340187791942,-0.2621725766645383,-0.7679124867920657,-0.629535667895554,0.8906917599751084,-0.8326806403615811,-0.8542964611422933,-0.8053444987761966,0.541725928831791,-1.3130711535618886,0.34753856993676463,0.32637944694151383,0.9530997650582249,-0.8731208108883959,0.4771236214326528,0.0031484626052172586
0.9928147787866072,1.237960547073171,1.3128775766619205,-0.6601389421515771,-1.6834709239057541,0.4658232512707566,1.6883554443021758,-0.5424190847671843,0.19770910727038,1.5192847473548357,0.5242787437762721,1.4317610928026872,-0.7353407995663092,1.4344972246026189,-0.5321122957516528,0.7048396868454129,-1.2665256967664604,0.7539388054073806,-2.5594827117134136,-1.2231777221268842
0.11094167425437625,1.237960547073171,-1.364430361085818,0.0008485076377269405,1.5127508659944007,-0.09497736259327438,1.1273202019002821,-0.24041492992216892,-1.3037533069231984,-1.3399672926141415,-0.6632068287773436,-1.4106789529681298,-0.5151568808769815,1.6001797398688202,-1.5517076173450455,0.3831484829270987,-0.15671296585411776,-1.1198984904808145,1.292690822415621,0.0031484626052172586
0.11094167425437625,1.237960547073171,-1.364430361085818,-0.6601389421515771,-1.5921503013371783,1.3923633959156774,-0.8815105317412095,0.8107918398268266,1.4104287495036547,-0.6712712510084936,-0.44481867750311543,0.7211510813599828,-0.5591936646148471,1.3930765957860685,1.1672132402373354,-1.1306924766884974,0.9530997650582249,1.3144169251596531,-2.660652624454783,-1.2231777221268842
-1.6528045348100857,1.237960547073171,0.4204415974126744,0.0008485076377269405,1.077221742975039,-1.3837738043926002,-0.6183803663998254,1.3799535162655092,1.2718322189627091,0.6430623480095039,-0.26737830459280504,0.08949773785535685,1.6866823060162948,-0.8022167314911007,-1.2518266404058125,-1.6605368125539561,-0.15671296585411776,0.791582858226563,0.6374926967729334,-1.2231777221268842
-1.6528045348100857,-0.012845245624624281,-0.47199438183657183,-1.321126391940881,-0.9950539230041823,-0.05666179270194308,1.1748459145830872,0.3229389743079557,-1.361501861315259,0.8044717373625914,-0.9771397962340467,-0.5158367163365765,0.8940201987347153,1.4344972246026189,0.66741161200528,0.08038029100397948,-1.2665256967664604,0.18091266804871375,-0.8447077175202667,1.2294746473373186
1.4337513310527226,-1.2636510383224195,1.3128775766619205,1.3228234072163352,-1.3181884336314507,-1.4882708131871403,-0.7864591063755995,1.3799535162655092,-0.04483482117627496,-1.4322012293873343,-1.4685131366010602,-0.6211122735873474,-0.8674511507799058,-1.4235261637393561,-0.7720170773030393,-0.6197711528182337,0.9530997650582249,-0.6430738214378362,-0.9207880038553963,0.0031484626052172586
0.9928147787866072,1.237960547073171,-1.364430361085818,0.6618359574270309,1.1861040237298794,-1.6519827936319194,1.3324921810431234,-0.03714290262263941,-1.3499521504368468,-1.1093824506811596,0.5379280032309115,-0.38424226977311265,1.290351252375505,-1.023126751846036,-0.4921281654930883,1.045453902758922,0.9530997650582249,-0.6723525291860893,1.0692018646583152,0.0031484626052172586
-0.3299948780117392,-1.2636510383224195,-0.47199438183657183,-0.6601389421515771,1.6146084834747354,0.1697483930195601,-1.1295715686709724,0.5610576348588332,0.07066228760784644,-0.5790373142353008,1.0565998625072035,0.22109218441882061,0.2775052264045979,1.406883472058252,1.5270704125644152,-0.9982313927221327,-0.15671296585411776,1.2349461469858234,0.7608211013961138,-1.2231777221268842
0.5518782265204917,-0.012845245624624281,1.3128775766619205,0.0008485076377269405,-0.0010640696616066828,-1.7042312980291894,0.15825932866064735,1.397376832891183,0.6019489880148049,0.7122378005893986,0.8655102301422537,1.010658863799603,-0.2949729621876539,1.5587591110522698,-0.7520250121737571,-0.8468472967605731,-1.2665256967664604,1.8790777174473905,-0.40680597780701083,-1.2231777221268842
1.4337513310527226,1.237960547073171,-0.47199438183657183,-1.321126391940881,0.03405924671092249,0.2707621681876154,-0.09907501806088244,-0.64115121231267,-1.4654492592209682,0.5508284112363111,-0.581311272049508,-0.2789667125223417,-0.5151568808769815,-0.9402854942129353,-0.0123186023903152,0.43991751891268355,-1.2665256967664604,-1.3541281524668387,0.7345541080662557,0.0031484626052172586
1.4337513310527226,-1.2636510383224195,1.3128775766619205,1.3228234072163352,1.1018080644358095,-0.6488115092043361,0.30547312160494594,0.5320187738160432,-0.5645718107048213,0.08965872737034707,-0.22643052622888724,1.4317610928026872,-0.9995615019935024,0.7027327821768957,-0.17225512342457291,-0.7711552487797934,0.9530997650582249,0.2645661187580082,0.7887892638310761,1.2294746473373186
-1.2118679825439702,-1.2636510383224195,-0.47199438183657183,0.6618359574270309,0.3571937573381909,0.9883082952434563,1.6929920991980594,0.7991762954097106,1.2949316407195333,-0.486803377462108,-0.581311272049508,-0.5421556056492691,1.6866823060162948,0.3299471228279425,-1.1518663147594013,1.1400689627348968,-0.15671296585411776,0.9630724321806166,0.17832185550341154,-1.2231777221268842
-1.6528045348100857,-0.012845245624624281,0.4204415974126744,-0.6601389421515771,1.6848551162197938,0.9430262580991556,0.9476498246847995,0.40424778522776755,0.52110101186592,1.311758389615152,-0.04899015331857682,0.7211510813599828,0.2775052264045979,-0.09806604160974462,-1.4717393568279167,-0.08992681695277509,-1.2665256967664604,0.4862477631376384,0.9651922771798086,-1.2231777221268842
-0.7709314302778547,1.237960547073171,-1.364430361085818,-1.321126391940881,1.203665681916144,0.10356695411635149,-1.0078593776540328,-0.9663864559919172,-1.3961509939504955,0.2741266009167327,0.7426668950505004,0.5895566347965191,1.378424819851236,0.4265952567332266,1.4071180217887218,-0.6765401888038186,0.9530997650582249,-0.42557484959367076,1.011747004250795,0.0031484626052172586
-0.3299948780117392,-0.012845245624624281,1.3128775766619205,-0.6601389421515771,-1.3252130969059566,-1.0041013391057718,-0.42943667939257607,0.5262110016074852,0.20925881814879213,1.311758389615152,-1.7005505473299276,-0.779025609463504,1.7307190897541602,-1.354491782378439,-1.3917710963107879,-0.3170029608951145,-0.15671296585411776,-0.5594203707285418,-0.9785236580716385,0.0031484626052172586
-1.6528045348100857,1.237960547073171,1.3128775766619205,-1.321126391940881,-0.07131070240666504,-0.8229731905285692,-0.39118427650153786,0.9095239673723123,-0.6800689194889427,0.3202435693033291,0.9474057868700894,0.45796218823305535,0.23346844266673236,-1.1611955145678705,1.4071180217887218,0.8373007708117776,-0.15671296585411776,0.9798031223224755,-0.15413354654438174,-1.2231777221268842
0.11094167425437625,-0.012845245624624281,0.4204415974126744,0.6618359574270309,0.03405924671092249,-1.2966929637304836,-1.22114550286467,-0.22299161329649497,0.9137911817319327,1.33481687380845,0.6880698572319434,-1.279084506404666,0.40961557761819445,0.04000272111208992,-1.3917710963107879,-0.7522322367845984,-0.15671296585411776,0.013605766630124931,0.26512375016676704,1.2294746473373186
0.11094167425437625,-1.2636510383224195,0.4204415974126744,0.0008485076377269405,-0.5138644887005326,0.1906477947784681,-1.2246229940365825,-1.1522351666657729,0.5326507227443321,-0.3253939881090206,0.824562451778336,0.7474699706726756,0.49768914509392553,-1.0093198755738526,-1.3917710963107879,-0.8657703087557681,-1.2665256967664604,-1.065523747519773,0.23936238817929478,0.0031484626052172586
0.11094167425437625,-0.012845245624624281,-0.47199438183657183,0.0008485076377269405,-1.6307859493469603,-0.65926121008379,-0.0921200357170573,0.7643296621583627,-1.0034608240844827,0.11271721156364527,-0.03534089386393756,0.03685995922997135,-0.6032304483527126,0.619891524543795,-1.6316758778621745,0.7048396868454129,0.9530997650582249,0.147451287764996,-2.0277966616585705,1.2294746473373186
0.5518782265204917,1.237960547073171,-1.364430361085818,-1.321126391940881,1.4319672383375837,0.316044205331916,1.143548494035874,0.659789762404319,0.9137911817319327,0.04354175898375066,1.288637273236071,0.40532440960766986,-1.6601132580614852,-1.1611955145678705,0.9672925889445132,-0.9036163327461579,0.9530997650582249,0.7664868230137747,0.8005379073344755,-1.2231777221268842
0.5518782265204917,-1.2636510383224195,0.4204415974126744,-0.6601389421515771,1.3055232993964787,-1.0772492452619498,-1.5619396377121013,1.4612623271853211,0.3940541922033864,-0.5559788300420027,-0.11723645059177314,-0.779025609463504,-0.33900974592551947,0.04000272111208992,0.4075147653246113,-0.16561886493355488,-0.15671296585411776,0.9630724321806166,0.6974830694421936,-1.2231777221268842
-0.7709314302778547,-0.012845245624624281,0.4204415974126744,0.0008485076377269405,0.03405924671092249,-0.41543485622986354,-0.7447292123126487,-1.2509672942112586,0.09376170936467074,1.7037526209012213,0.6607713383226648,0.8001077492980612,-1.1316718532070988,0.09523022620082373,1.6470228033401084,0.6859166748502179,-0.15671296585411776,0.1892780131196432,0.20482994273013533,1.2294746473373186
1.4337513310527226,1.237960547073171,1.3128775766619205,-0.6601389421515771,0.03405924671092249,0.5494208583063885,-1.2281004852084951,0.44490219068767345,-0.1141330864467478,0.6430623480095039,1.4251298677824635,0.6158755241092119,-0.33900974592551947,-1.47875366882809,0.6074354166174334,1.5942212506195756,-0.15671296585411776,0.9296110518968989,-0.04926538860995488,-1.2231777221268842
-0.3299948780117392,-0.012845245624624281,-1.364430361085818,0.6618359574270309,0.736525574161506,1.6083238807577265,-0.2949736874119569,-0.9431553671576852,0.3709547704465621,-0.6020957984285991,-0.10358719113713387,0.43164329892036263,-0.11882582723619182,-1.3821055349228057,-0.552104360880935,-1.2253075366644721,-1.2665256967664604,-1.4335989306406685,1.1021642615373328,0.0031484626052172586
-1.6528045348100857,1.237960547073171,1.3128775766619205,1.3228234072163352,1.5162631976316536,0.6156022972095971,-1.429794973179424,-0.6759978455640179,0.856042627339872,-1.386084261000738,-0.008042374954659032,-1.3843600636554372,-0.8674511507799058,0.3851746279166763,0.9073163935566666,-0.9414623567365479,-0.15671296585411776,-0.6347084763669069,1.175638941578885,0.0031484626052172586
0.11094167425437625,-0.012845245624624281,-0.47199438183657183,1.3228234072163352,0.055133236534439994,-0.8578055267934159,-0.42595918822066353,1.2521825276772336,-1.5116481027346167,-0.9018560929414757,-0.9771397962340467,-0.5947933842746547,1.2463144686376395,-1.202616143384421,1.0872449797202064,0.5534555908838532,-1.2665256967664604,-0.09932639182742253,0.31865819943379275,1.2294746473373186
1.4337513310527226,-1.2636510383224195,-1.364430361085818,1.3228234072163352,-1.1917444946903457,-1.3628744026336923,0.9812655726799544,0.8456384730781745,-0.5068232563127606,-0.1639845987559332,-1.7141998067845667,0.7211510813599828,1.0261305499483118,0.8684152974430972,1.4670942171765686,1.2157610107156764,-1.2665256967664604,0.9212457068259694,-1.5332473038516587,-1.2231777221268842
-0.7709314302778547,-1.2636510383224195,0.4204415974126744,-0.6601389421515771,-0.7386537134847193,0.054801683345566184,-0.7203867741092607,0.7120597122813408,1.3757796168684182,0.988939610908977,0.2376442952288477,-0.9632578346523532,0.49768914509392553,-1.2302298959287878,-0.8719774029494504,-0.07100380495758013,-0.15671296585411776,0.5866319039887917,-0.6883584797813055,-1.2231777221268842
0.9928147787866072,1.237960547073171,-1.364430361085818,-1.321126391940881,1.6391948049355058,1.5107933392161559,-1.5549846553682762,0.36359337976786166,-0.5876712324616455,0.4816529586564165,0.08750244122781581,1.5896744286788436,-1.6160764743236196,0.7717671635378129,0.10763378838537807,-1.2063845246692773,0.9530997650582249,0.25201810115161405,1.0043566838901898,1.2294746473373186
0.5518782265204917,-0.012845245624624281,-0.47199438183657183,-1.321126391940881,1.203665681916144,-0.49206599601252615,-1.4912306505498791,-0.0429506748311974,-0.7840163173946519,0.9428226425223806,-1.0590353529618823,0.8264266386107538,0.36557879388032893,-1.3821055349228057,-1.671660008120739,1.007607878768532,0.9530997650582249,-0.8480247756756075,1.1213156166889178,0.0031484626052172586
-1.6528045348100857,-1.2636510383224195,1.3128775766619205,0.0008485076377269405,-0.8756346473375831,-1.6067007564876188,-0.9151262797363643,0.6888286234471088,-0.7378174738810034,1.104232031875468,1.6162195001474131,-0.6474311629000402,-0.9555247182556368,1.1169390703423994,-0.1522630582952907,1.499606190643601,0.9530997650582249,1.3687916681206944,-1.226219799620605,-1.2231777221268842
-0.3299948780117392,1.237960547073171,1.3128775766619205,0.6618359574270309,-1.7642545515625712,0.20458072928440676,0.5002126272320495,0.46813327952190537,-1.107408221990192,-0.6482127668151955,-0.6495575693227044,0.9843399744869104,-1.7481868255372162,-1.4649467925559065,1.2071973704958998,0.13714932698956434,0.9530997650582249,-0.5510550256576124,-1.90928334337829,0.0031484626052172586
-0.3299948780117392,1.237960547073171,1.3128775766619205,0.0008485076377269405,-0.09238469223018253,-0.12980969885812102,-0.8409398014022296,-1.6691268932274335,-1.2575544634095497,1.0811735476821698,-0.5949605315041473,-1.1474900598412023,1.2463144686376395,1.475917853419169,0.027665527868249225,1.7266823345859401,0.9530997650582249,-0.8731208108883959,0.4866920830617144,0.0031484626052172586
1.4337513310527226,-1.2636510383224195,1.3128775766619205,0.0008485076377269405,1.3125479626709844,0.04435198246611219,0.5674441232223592,1.025679411543472,-0.35667701489340276,-0.9479730613280721,-0.4857664558670332,-1.6738678460950573,0.3215420101424634,-1.1197748857513201,-0.27221544907098394,0.061457279008784525,-0.15671296585411776,-0.32937338127798216,1.0283386403800387,1.2294746473373186
-0.3299948780117392,-0.012845245624624281,-0.47199438183657183,-0.6601389421515771,-1.4095090562000265,0.34391007434379334,-1.4726840309663456,0.5262110016074852,1.4681773038957155,-0.8326806403615811,-1.2228264664175534,1.326485535551916,-1.043598285731368,0.4404021330054101,-0.4521440352345239,-0.4494640448614792,-0.15671296585411776,0.43605569271206174,-1.6956750246881696,1.2294746473373186
-0.7709314302778547,-1.2636510383224195,-1.364430361085818,-1.321126391940881,-1.35331175000398,1.1171879394233888,-0.4445058078041972,1.548378910313691,-0.6800689194889427,1.6345771683213266,0.7017191166865826,-0.0947344873334924,0.36557879388032893,-0.7884098552189174,-0.05230273264887963,1.461760166653211,-0.15671296585411776,1.4733584815073126,-2.1584974070301164,-1.2231777221268842
-1.6528045348100857,-0.012845245624624281,1.3128775766619205,0.0008485076377269405,0.7084269210634826,0.4135747468734866,-0.3158386344434323,0.9269472839979863,-1.453899548342556,1.2656414212285554,-1.5504086933288956,0.1684544057934351,1.3343880361133704,0.19187836010610793,-0.552104360880935,0.26961041095592897,0.9530997650582249,0.05124981944930742,0.6611357893545471,1.2294746473373186
-1.2118679825439702,1.237960547073171,-0.47199438183657183,1.3228234072163352,-0.46117951414173886,-0.08104442808733572,-1.740450851203613,-0.1707216634194731,-0.3220278822581663,-0.2792770197224242,-0.8679457205969325,1.6686310966169218,-0.8674511507799058,1.0893253177980324,1.127229109978771,1.2725300467012615,-1.2665256967664604,0.4736997455312442,-0.32858406539329826,-1.2231777221268842
0.9928147787866072,1.237960547073171,-0.47199438183657183,-1.321126391940881,-1.3603364132784856,-0.5059989305184648,0.14550852769696795,-0.10102839691677726,-0.010185688541038532,0.06660024317704887,1.247689494872153,0.5895566347965191,0.6297994963075221,-0.5260792060474317,1.507078347435133,-1.603767776568371,-0.15671296585411776,0.2729314638289376,-1.5039300339049093,1.2294746473373186
-1.2118679825439702,-1.2636510383224195,0.4204415974126744,0.0008485076377269405,-0.15911899333798796,1.5073101055896712,-1.4518190839348701,1.3567224274312772,1.3295807733547698,1.2425829370352572,-0.15818422895569093,1.563355539366151,1.290351252375505,-1.7272774417273922,-1.3317949009229413,0.23176438696553908,0.9530997650582249,1.255859509663147,-0.33138003998714133,-1.2231777221268842
-1.6528045348100857,1.237960547073171,-0.47199438183657183,0.0008485076377269405,0.28694712459313254,-0.05666179270194308,1.55852910721744,-0.19395275225370504,-0.26427932786610564,-0.07175066198274035,-0.7996994233237362,-1.1474900598412023,0.6297994963075221,1.3654628432417015,-0.9119615332080148,0.6102246268694381,2.0629124959705676,-0.2582679481750819,0.5215430844553265,1.2294746473373186
-1.6528045348100857,-1.2636510383224195,0.4204415974126744,-0.6601389421515771,0.03405924671092249,0.5738034936917812,-0.4132083872569841,-0.013911813788407466,0.9484403143671691,0.6200038638162058,1.6298687596020525,0.35268663098228437,1.1582409011619084,-1.3821055349228057,-0.652064686527346,-1.5280757285875914,-1.2665256967664604,0.21855672086789626,0.19478097482403012,1.2294746473373186
0.9928147787866072,-0.012845245624624281,1.3128775766619205,-0.6601389421515771,-0.2539519475438167,0.8176298475457077,1.6396705678954,1.4612623271853211,0.1399605528783193,1.2886999054218535,-1.3047220231453889,-0.6737500522127329,0.49768914509392553,0.5370502669106942,0.8473401981688199,-1.4145376566164216,0.9530997650582249,0.9045150166841105,-0.29110994382581473,-1.2231777221268842
-0.3299948780117392,-1.2636510383224195,-0.47199438183657183,0.0008485076377269405,1.3863069270532957,0.1906477947784681,-1.652354408181828,1.536763365896575,1.0870368449081147,-0.256218535529126,-0.021691634409298294,0.40532440960766986,-1.307818988158561,-0.15329354669847844,0.947300523815231,0.23176438696553908,-0.15671296585411776,1.5904733125003248,0.5758047639867179,-1.2231777221268842
0.5518782265204917,-0.012845245624624281,1.3128775766619205,1.3228234072163352,1.5619235089159416,-0.71150971448106,1.0531337235661473,-1.3613149661738602,-1.615595500640326,1.4962262631615375,-0.581311272049508,0.9053833065488321,0.9820937662104463,1.3654628432417015,1.0072767192030776,1.5752982386243806,0.9530997650582249,-0.26245062071054664,1.1007118450369844,1.2294746473373186
1.4337513310527226,-0.012845245624624281,-1.364430361085818,0.6618359574270309,-1.2374048059746336,1.3470813587713768,-1.2315779763804078,-0.28687710759063284,1.0870368449081147,-0.8557391245548793,1.3568835705092672,-0.3052856018350344,1.5545719548026982,-1.4373330400115396,0.7473798725224089,-1.3766916326260317,-1.2665256967664604,-0.03658630379545172,-1.1117481809339107,1.2294746473373186
-0.3299948780117392,-1.2636510383224195,-1.364430361085818,1.9838108570056392,-1.778303878111583,-0.36318635183259357,0.15478183748873478,-1.2103128887513526,1.6414229670718976,-0.7635051877816864,-1.6459535095113704,0.5105999668584409,0.2775052264045979,-1.0921611332069534,0.32754650480748243,0.5156095668934634,0.9530997650582249,-0.9609569341331551,-1.664440077838393,0.0031484626052172586
-1.2118679825439702,-0.012845245624624281,0.4204415974126744,0.6618359574270309,-0.3101492537398634,0.3648094761027013,-0.14196407584780407,0.7585218899498047,-1.0843088002333676,-0.9479730613280721,0.10115170068245506,-0.5684744949619619,0.8940201987347153,0.6336984008159784,-0.831993272690886,1.3482220946820411,0.9530997650582249,0.3231235342545143,-0.12459259990366596,1.2294746473373186
-0.3299948780117392,1.237960547073171,-1.364430361085818,1.3228234072163352,0.8137968701810702,-0.9762354700938946,-0.35061354616255797,-1.001233089243265,-0.09103366468992352,0.020483274790452453,-1.4685131366010602,1.642312207304229,-0.33900974592551947,-1.5615949264611908,1.3671338915301574,-1.5848447645731762,-0.15671296585411776,-1.5088870362790334,1.1542212063668205,0.0031484626052172586
-0.3299948780117392,1.237960547073171,1.3128775766619205,1.9838108570056392,-0.794851019680766,-1.1852294876829743,-1.0252468335135956,1.1941048055916537,1.3642299059900063,-1.2016163874543524,0.619823559958747,0.4842810775457481,-0.8234143670420402,1.4621109771469858,0.7473798725224089,0.023611255018394624,2.0629124959705676,1.9292697878729672,-1.3575441001828146,-1.2231777221268842
0.5518782265204917,-0.012845245624624281,1.3128775766619205,0.6618359574270309,-0.8018756829552719,0.2707621681876154,-0.12457661998824125,-0.4146480961789085,-0.3335775931365785,-0.5790373142353008,-1.4275653582371424,-0.3052856018350344,-1.395892555634292,-1.0921611332069534,-0.27221544907098394,0.6102246268694381,-0.15671296585411776,-1.395954877821486,0.11605318405314698,0.0031484626052172586
0.9928147787866072,1.237960547073171,1.3128775766619205,0.6618359574270309,0.28343479295587964,0.006036412574780881,-0.9162854434603351,-1.6226647155589697,1.017738579637642,0.6891793163961003,1.5616224623288562,0.6948321920472901,0.6738362800453876,1.1859734517033167,0.1476179186439425,-1.0550004287077175,0.9530997650582249,0.13490327015860185,0.393182571229466,1.2294746473373186
0.11094167425437625,-0.012845245624624281,-1.364430361085818,1.9838108570056392,1.4108932485140662,0.5842531945712351,0.6045373623894265,-0.22879938550505297,0.9137911817319327,0.527769927043013,1.0156520841432857,1.1948910889884523,0.057321307715270275,0.1366508550173741,0.18760204890250692,0.17499535097995422,-1.2665256967664604,0.8877843265422516,0.7617147904598519,-1.2231777221268842
-0.3299948780117392,1.237960547073171,1.3128775766619205,0.6618359574270309,-1.3392624234549682,1.2112352473384749,-0.4039350774652173,-0.15329834679379914,-0.9110631370571854,-0.4176279248822134,0.42873392759379736,-0.3579233804604199,-0.5151568808769815,0.7441534109934461,1.5470624776936974,1.1589919747300916,0.9530997650582249,0.31475818918358484,-1.4861419905081263,1.2294746473373186
-1.2118679825439702,-0.012845245624624281,0.4204415974126744,-1.321126391940881,-0.3417602384751397,0.793247212160315,0.07827703170665837,-1.065118583537403,1.5028264365309518,-0.3484524723023188,1.0702491219618426,-1.279084506404666,-1.2637822044206954,0.6613121533603453,0.22758617916107135,0.28853342295112394,-0.15671296585411776,0.030336456771983815,-0.041505862084098205,1.2294746473373186
0.5518782265204917,-0.012845245624624281,1.3128775766619205,0.0008485076377269405,1.5724605038277004,-0.6035294720600354,0.39009207345481833,-0.8095766063608516,-1.684893765910799,-1.178557903261054,-0.6495575693227044,0.9053833065488321,-1.572039690585754,-0.746989226402367,-0.3321916444588306,1.2346840227108715,0.9530997650582249,-1.634367212342975,1.4346726256631197,0.0031484626052172586
-1.6528045348100857,-1.2636510383224195,0.4204415974126744,0.6618359574270309,0.2764101296813738,-0.2900384456764156,-0.948742027731519,1.5716099991479227,0.3940541922033864,-0.6251542826218972,1.2749880137814316,1.6159933179915364,1.7747558734920257,-0.567499834863982,0.2675703094196358,0.40207149492229366,0.9530997650582249,1.9501831505502907,-0.1952164260534565,-1.2231777221268842
-1.6528045348100857,1.237960547073171,-0.47199438183657183,1.3228234072163352,0.6276432934066656,0.033902281586658194,1.6814004619583507,0.43909441847911546,0.0822119984862586,-0.9940900297146685,0.8382117112329752,-0.2789667125223417,0.9820937662104463,-0.38801044332559714,0.22758617916107135,-0.8657703087557681,-0.15671296585411776,0.2101913757969668,0.5721913783101236,1.2294746473373186
0.11094167425437625,1.237960547073171,1.3128775766619205,-0.6601389421515771,0.25182380822060335,0.23592983192276873,-0.5928787644724667,0.16612912467689012,-0.7609168956378276,-0.7404467035883883,-0.3492738613206406,-0.5684744949619619,-0.20689939471192287,-1.1197748857513201,1.0872449797202064,0.1939183629751492,2.0629124959705676,-0.5761510608704007,0.603084055159667,0.0031484626052172586
-1.2118679825439702,-0.012845245624624281,0.4204415974126744,-1.321126391940881,0.03405924671092249,0.7584148758954684,1.5944631826605367,-1.6284724877675276,1.2949316407195333,0.8967056741357842,1.602570240692774,1.6159933179915364,-1.1316718532070988,1.1169390703423994,0.7473798725224089,-1.5848447645731762,-1.2665256967664604,0.24365275608068457,0.1861675737616541,1.2294746473373186
0.11094167425437625,-1.2636510383224195,-0.47199438183657183,-0.6601389421515771,-1.820451857758618,0.866395118316493,-0.917444607184306,-1.3322761051310703,-1.1536070655038404,-1.6397275871270183,-1.6869012878752883,0.19477329510612784,-0.4270833134012505,1.5587591110522698,0.5874433514881512,-0.7143862127942084,0.9530997650582249,-1.7640300609423814,-1.2069385199762486,0.0031484626052172586
0.9928147787866072,-1.2636510383224195,-0.47199438183657183,0.6618359574270309,-0.541963141798556,1.0092076970023642,0.4132753479342354,0.3113234298908398,0.24390795078402855,1.2886999054218535,1.138495419235039,1.4843988714280727,-0.5591936646148471,0.8269946686265468,0.20759411403178915,-0.7711552487797934,2.0629124959705676,1.2014847667021056,-0.7102262235585035,-1.2231777221268842
0.5518782265204917,1.237960547073171,-1.364430361085818,0.0008485076377269405,-0.6543577541906493,0.3508765415967627,-1.0739317099203713,-0.060373991456871355,1.1216859775433512,-0.8557391245548793,1.657167278511331,1.7212688752423073,1.3343880361133704,0.9788703076205648,-1.2718187055350947,-1.3956146446212268,-0.15671296585411776,0.837592256116675,-0.6927711360853984,-1.2231777221268842
0.9928147787866072,1.237960547073171,-1.364430361085818,0.6618359574270309,1.2352766666514203,1.0335903323877569,-0.49666817538288566,-1.5703947656819477,1.5374755691661883,1.3578753580017482,-1.727849066239206,-0.5158367163365765,1.0261305499483118,0.9788703076205648,-0.5121202306223706,-0.8846933207509631,2.0629124959705676,-0.8480247756756075,1.1326874362779045,0.0031484626052172586
0.9928147787866072,-0.012845245624624281,-1.364430361085818,0.6618359574270309,-1.732643566827295,-0.5895965375540967,0.9499681521327412,-1.3961615994252081,1.110136266664939,1.0581150634888716,1.5206746839649383,1.5896744286788436,1.4224616035891016,0.8822221737152807,0.10763378838537807,0.32637944694151383,-0.15671296585411776,0.8041308758329572,-2.7369870245408228,-1.2231777221268842
-1.2118679825439702,-0.012845245624624281,-1.364430361085818,0.0008485076377269405,0.694377594514471,1.2948328543741068,0.15594100121270565,-1.460047093719346,-0.21808048435245705,1.0119980951022751,0.8655102301422537,0.5369188561711337,-1.7041500417993507,0.8408015448987303,-0.27221544907098394,-1.3199225966404469,0.9530997650582249,-0.8522074482110723,0.9161521351717065,0.0031484626052172586
0.9928147787866072,1.237960547073171,1.3128775766619205,0.0008485076377269405,0.25182380822060335,1.67798855328742,0.3599538166315761,0.3810166963935356,-0.14878221908198422,0.758354768975995,-0.9225427584154896,0.6948321920472901,-1.1757086369449643,0.8131877923543633,0.4474988955831757,-0.9414623567365479,-0.15671296585411776,0.20600870326150209,0.3498747788128677,1.2294746473373186
0.11094167425437625,-1.2636510383224195,-0.47199438183657183,1.3228234072163352,-1.7010325820920187,-0.07756119446085107,1.5005709210188973,-1.6807424376445494,0.8444929164614599,-0.486803377462108,-1.2364757258721926,0.3790055202949771,0.40961557761819445,0.2747196177392086,1.047260849461642,0.9319158307877523,-1.2665256967664604,-0.7643713249663131,-1.6086016632766276,0.0031484626052172586
-0.3299948780117392,-0.012845245624624281,0.4204415974126744,-1.321126391940881,1.5759728354649534,0.2986280371994927,1.3637896015903366,-1.1464273944572148,0.22080852902720427,-1.5936106187404218,0.8518609706876145,-1.621230067469672,-0.11882582723619182,-0.22232792805939572,-0.1522630582952907,1.423914142662821,-1.2665256967664604,-0.827111412998284,1.2413737018003828,0.0031484626052172586
-1.2118679825439702,-1.2636510383224195,0.4204415974126744,-1.321126391940881,1.2142026768279028,-1.2688270947186062,1.6419888953433417,-0.5133802237243943,0.5903992771363927,0.873647189942486,0.8655102301422537,1.115934421050374,1.0261305499483118,-0.9540923704851187,0.9672925889445132,0.8373007708117776,-0.15671296585411776,0.6410066469498331,0.7397688098807395,-1.2231777221268842
-1.6528045348100857,-0.012845245624624281,1.3128775766619205,0.0008485076377269405,1.330109620857249,0.5111052884150572,-1.2698303792714458,0.0035115028372664924,-1.107408221990192,1.311758389615152,-1.4958116555103387,-1.1474900598412023,0.9380569824725807,-0.9540923704851187,0.7873640027809733,-1.5091527165923964,-1.2665256967664604,-1.1700905609063912,1.2473080057386192,0.0031484626052172586
-0.7709314302778547,-1.2636510383224195,1.3128775766619205,1.3228234072163352,-0.13102034023996462,-0.6453282755778513,0.4677560429608656,0.3403622909336297,1.1216859775433512,1.1964659686486607,1.083898381416482,-0.6211122735873474,0.5857627125696566,0.39898150418885975,-1.031913923983708,1.3482220946820411,-0.15671296585411776,1.360426323049765,-0.34305421619883736,-1.2231777221268842
0.5518782265204917,-1.2636510383224195,0.4204415974126744,0.6618359574270309,-0.5630371316220735,-1.5997342892346493,-1.6824926650050702,-0.5133802237243943,-0.20653077347404492,-0.2331600513358278,-0.8133486827783755,-0.3579233804604199,0.541725928831791,0.6751190296325288,-0.41215990497595945,0.3453024589367088,-1.2665256967664604,-0.5468723531221477,-0.016414277581358227,0.0031484626052172586
0.5518782265204917,1.237960547073171,0.4204415974126744,0.6618359574270309,1.54787418236693,-0.721959415360514,-0.20108142577031768,-1.1754662555000046,-1.534747524491441,-1.386084261000738,-0.8815949800515718,-0.0420967087081069,-0.8234143670420402,-1.2992642772897052,-1.2118425101472479,-0.014234768971995278,0.9530997650582249,-2.659121983531832,1.6758251219266074,0.0031484626052172586
-1.2118679825439702,1.237960547073171,-1.364430361085818,1.3228234072163352,0.03405924671092249,-0.8229731905285692,1.6582171874789335,0.03835813608861441,0.49800159010909567,-0.048692177789442154,0.15574873850101212,-1.1474900598412023,0.8059466312589841,-0.595113587408349,0.24757824429035358,-0.6765401888038186,-0.15671296585411776,-0.13697044464660502,0.3168041565410225,1.2294746473373186
-1.6528045348100857,1.237960547073171,0.4204415974126744,1.3228234072163352,1.6075838202002295,-1.603217522861134,1.0913861264571856,1.478685643810995,1.2371830863274726,-1.1093824506811596,-0.8815949800515718,-1.6475489567823647,-0.4270833134012505,1.2135872042476834,1.3671338915301574,-0.29807994889991957,0.9530997650582249,1.3269649427660473,0.7359780194281684,-1.2231777221268842
0.5518782265204917,-0.012845245624624281,0.4204415974126744,1.3228234072163352,-1.4692186940333263,0.35435977522324735,0.038865465091649294,0.7410985733241308,1.4450778821388912,-0.9710315455213703,0.7153683761412218,1.2212099783011452,-0.2509361784497884,-0.15329354669847844,0.6074354166174334,0.9886848667733371,-0.15671296585411776,1.569559949823001,-2.4898101014758622,-1.2231777221268842
-0.3299948780117392,-0.012845245624624281,1.3128775766619205,1.3228234072163352,0.03405924671092249,-0.4572336597476795,-0.2659945943126856,0.2590534800138179,-1.0843088002333676,1.33481687380845,0.2785920735927655,-0.4631989377111909,-1.7041500417993507,-1.2302298959287878,-1.131874249630119,0.004688243023199673,-1.2665256967664604,-0.722544599611666,0.5177835146631279,0.0031484626052172586
0.11094167425437625,-1.2636510383224195,-1.364430361085818,-0.6601389421515771,-1.219843147788369,1.6222568152636652,0.9835839001278961,0.7294830289070148,0.3016565051760893,-0.6943297352017919,1.657167278511331,0.3263677416695916,-1.7041500417993507,-0.31897606196467987,-1.6116838127328923,1.026530890763727,0.9530997650582249,0.6995640624463392,-1.4689642059640886,-1.2231777221268842
0.5518782265204917,1.237960547073171,-1.364430361085818,1.3228234072163352,-0.37337122321041594,0.5459376246799039,-1.4413866104191324,0.619135356944413,-0.8995134261787734,-1.501376681967229,-0.7041546071412614,-1.6738678460950573,0.9380569824725807,-0.5813067111361655,1.5870466079522618,0.8751467948021674,-0.15671296585411776,-0.1955278601431111,0.017332976059422377,1.2294746473373186
-1.6528045348100857,-0.012845245624624281,-1.364430361085818,-0.6601389421515771,-0.32068624865162215,-0.5512809676627655,-0.7586391770002989,-0.6527667567297859,-0.5645718107048213,1.6345771683213266,0.08750244122781581,1.1685721996757596,0.8940201987347153,-0.1947141755150288,0.027665527868249225,-0.9982313927221327,-0.15671296585411776,-0.3544694164907705,0.12363156235273917,1.2294746473373186
-0.7709314302778547,1.237960547073171,-1.364430361085818,1.9838108570056392,0.03405924671092249,1.6814717869139044,0.7946402131206467,-1.3845460550080921,1.352680195111594,-1.5474936503538255,-1.359319060963946,1.326485535551916,-1.1316718532070988,-0.7331823501301835,-1.4917314219571989,1.1968379987204816,0.9530997650582249,-1.3708588426086976,0.740296375441173,0.0031484626052172586
0.11094167425437625,1.237960547073171,1.3128775766619205,1.3228234072163352,-0.23287795772029923,-0.5895965375540967,1.4460902259922672,0.0848203137570783,-1.0843088002333676,1.6115186841280285,0.2649428141381262,1.4054422034899943,-1.4839661231100232,-0.31897606196467987,0.9073163935566666,-0.4305410328662842,-0.15671296585411776,0.12235525255220768,0.01851322960310194,1.2294746473373186
0.11094167425437625,-1.2636510383224195,0.4204415974126744,-0.6601389421515771,-1.4938050154940965,1.7023711886728126,-0.6230170212957089,-0.7573066564838297,-1.6386949223971503,-1.063265482294563,1.5616224623288562,-1.5949111781569791,0.49768914509392553,0.923642802531831,-1.0718980542422725,1.7077593225907453,0.9530997650582249,-0.6263431312959774,-1.248011957471628,0.0031484626052172586
0.11094167425437625,-0.012845245624624281,-0.47199438183657183,-0.6601389421515771,0.8699941763771168,1.3226987233859842,0.5233959017114667,1.2463747554686755,-1.765741742059684,-1.6627860713203164,-1.0180875745979645,0.35268663098228437,0.2775052264045979,0.7027327821768957,0.18760204890250692,1.2914530586964563,-1.2665256967664604,0.2645661187580082,0.6812479335629815,1.2294746473373186
0.9928147787866072,-0.012845245624624281,1.3128775766619205,0.0008485076377269405,1.3230849575827432,-0.4572336597476795,0.9464906609608287,-0.3798014629275606,-1.3153030178016103,-0.9710315455213703,0.5515772626855507,-0.779025609463504,-0.5151568808769815,1.6001797398688202,1.607038673081544,-0.6954632007990135,-1.2665256967664604,-0.26245062071054664,1.0153261146126544,1.2294746473373186
0.5518782265204917,-0.012845245624624281,-0.47199438183657183,-1.321126391940881,0.03405924671092249,0.37874241060864,-0.48159904697126454,-0.24622270213072692,0.10531142024308288,-1.5474936503538255,0.08750244122781581,0.35268663098228437,-1.7041500417993507,1.3378490906973346,-0.9719377285958614,-1.0928464526981074,-0.15671296585411776,-0.5385070080512182,0.45461857353903756,0.0031484626052172586
0.5518782265204917,-0.012845245624624281,1.3128775766619205,-0.6601389421515771,-0.31366158537711636,1.5456256754810025,-1.7346550325837586,-0.38560923513611856,0.8791420490966962,1.4270508105816428,-1.0999831313258,1.4843988714280727,1.5986087385405636,0.9512565550761979,1.5670545428229796,0.25068739896073405,-1.2665256967664604,1.0216298476771226,-0.39302582409919656,-1.2231777221268842
-0.7709314302778547,1.237960547073171,1.3128775766619205,0.0008485076377269405,-1.5745886431509137,1.10325500491745,1.5886673640406823,-1.5355481324306,1.2371830863274726,-1.2246748716476505,-0.7996994233237362,-0.12105337664618515,-0.6472672320905781,1.2135872042476834,-1.3317949009229413,-1.4713066926020064,2.0629124959705676,-1.441964275711598,-0.908908915850414,0.0031484626052172586
0.9928147787866072,-1.2636510383224195,0.4204415974126744,0.6618359574270309,1.4038685852395603,-0.9448863674555326,-1.0426342893731584,0.8049840676182686,-1.1767064872606647,1.4962262631615375,-0.021691634409298294,-1.7001867354077502,1.642645522278429,-1.6582430603664748,0.7873640027809733,-0.6954632007990135,-1.2665256967664604,-0.18716251507218168,1.0263785623697108,1.2294746473373186
0.5518782265204917,1.237960547073171,-0.47199438183657183,0.0008485076377269405,0.055133236534439994,1.0614562013996343,0.46659687923689475,-1.5413559046391578,1.6760720997071339,0.20495114833683808,1.6708165379659703,-0.4105611590858054,-0.20689939471192287,-0.291362309420313,-1.59169174760361,0.28853342295112394,0.9530997650582249,-0.3962961418454177,0.41999314468661636,1.2294746473373186
-1.2118679825439702,-0.012845245624624281,-1.364430361085818,-0.6601389421515771,1.161517702269109,-1.220061823947821,0.02379633668002818,-0.14168280237668315,-0.7724666065162398,1.219524452841959,-1.3866175798732245,-1.3317222850300516,1.5545719548026982,-1.1059680094791369,0.5074750909710223,-0.6197711528182337,0.9530997650582249,-1.0153316770941965,1.1496964496473645,0.0031484626052172586
0.11094167425437625,1.237960547073171,-0.47199438183657183,0.0008485076377269405,-0.6016727796318556,-0.9657857692144405,0.7378411906460748,0.7410985733241308,1.283381929841121,-0.2792770197224242,-0.7996994233237362,-0.6474311629000402,-1.0876350694692334,0.8269946686265468,1.2071973704958998,1.5942212506195756,-1.2665256967664604,1.3520609779788357,-0.844310713643667,-1.2231777221268842
0.5518782265204917,1.237960547073171,0.4204415974126744,0.0008485076377269405,-0.31366158537711636,-0.6418450419513667,1.5724390719050905,-1.2335439775855845,-1.130507643747016,0.4816529586564165,-0.021691634409298294,-0.1473722659588779,1.5545719548026982,-0.8850579891242015,0.5474592212295868,0.5913016148742432,-1.2665256967664604,-1.1157158179453497,0.4185551607128921,0.0031484626052172586
0.11094167425437625,-0.012845245624624281,0.4204415974126744,0.6618359574270309,0.03405924671092249,-1.6693989617643428,-0.01445606621101003,0.09062808596563629,1.3873293277468304,0.4355359902698201,1.0565998625072035,1.4317610928026872,0.9820937662104463,1.503531605963536,0.38752270019532903,1.7077593225907453,-0.15671296585411776,2.2053261752136386,-0.4871132759473984,-1.2231777221268842
-0.3299948780117392,-0.012845245624624281,-1.364430361085818,1.9838108570056392,0.8173092018183231,-0.14722586699054435,0.6810421681715029,-1.7330123875215713,0.2901067942976771,1.219524452841959,0.7972639328690574,-0.7000689415254256,0.40961557761819445,-1.2164230196566044,0.9273084586859488,-0.127772840943165,-0.15671296585411776,-0.9525915890622256,0.9986285193815113,0.0031484626052172586
-1.2118679825439702,-1.2636510383224195,-0.47199438183657183,0.0008485076377269405,1.505726202719895,0.32301067258488536,0.32633806863642134,1.06052604479482,-1.6617943441539746,-1.5705521345471236,1.5889209812381346,-0.38424226977311265,1.3343880361133704,1.2412009567920503,0.9872846540737954,-1.4145376566164216,2.0629124959705676,0.6995640624463392,0.8466382928361863,-1.2231777221268842
-1.2118679825439702,-1.2636510383224195,0.4204415974126744,-1.321126391940881,-0.1661436566124938,0.6574011007274131,0.23244580699478207,-0.8560387840293154,-1.6040457897619138,-0.7404467035883883,0.18304725741029065,0.9580210851742176,0.45365236135606,0.17807148383392446,0.287562374548918,1.3292990826868463,-1.2665256967664604,-0.6723525291860893,0.3626360665447304,0.0031484626052172586
0.11094167425437625,-0.012845245624624281,1.3128775766619205,-0.6601389421515771,-0.7597277033082368,1.4097795640481006,-0.8096423808550165,-0.7282677954410398,0.44025303571703495,0.9658811267156788,1.602570240692774,-0.5421556056492691,0.18943165892886685,1.2273940805198669,0.38752270019532903,0.5534555908838532,-1.2665256967664604,0.808313548368422,-0.8122727371138905,-1.2231777221268842
0.5518782265204917,-0.012845245624624281,-0.47199438183657183,0.0008485076377269405,0.0937688845442221,-1.0424169089971032,1.6037364924523034,-0.20556829667082102,-1.0612093784765433,1.657635652514625,1.0702491219618426,-0.8316633880888894,1.5986087385405636,-0.12567979415411154,-0.19224718855385511,1.1400689627348968,2.0629124959705676,0.28966215397079653,0.21396437091822013,1.2294746473373186
-0.3299948780117392,-1.2636510383224195,-1.364430361085818,-0.6601389421515771,0.03405924671092249,-0.5199318650244035,0.4341402949657108,0.601712040318739,-1.765741742059684,-0.6020957984285991,-1.2228264664175534,-1.0158956132777386,-0.9555247182556368,-0.30516918569249646,1.0872449797202064,-0.3170029608951145,0.9530997650582249,-0.8773034834238607,0.5708994878811128,0.0031484626052172586
0.11094167425437625,-0.012845245624624281,-0.47199438183657183,-0.6601389421515771,-0.9704676015434119,0.5563873255593579,0.488620989992341,0.8746773341209644,-1.3730515721936711,-0.2331600513358278,0.2785920735927655,0.5895566347965191,0.5857627125696566,1.0893253177980324,0.04765759299753144,-1.3956146446212268,2.0629124959705676,0.35658491453823205,-0.8933709746214864,1.2294746473373186
-1.2118679825439702,-0.012845245624624281,1.3128775766619205,-0.6601389421515771,1.6532441314845174,1.0544897341466648,0.48166600764851586,0.5204032293989272,-0.714718052124179,0.4355359902698201,1.507025424510299,-0.0947344873334924,-1.043598285731368,0.6336984008159784,-0.2122392536831373,1.4806831786484058,-0.15671296585411776,1.017447175141658,0.8278389939069014,-1.2231777221268842
0.9928147787866072,1.237960547073171,0.4204415974126744,0.0008485076377269405,1.5373371874551711,-1.739063634294036,0.7355228631981331,-1.1464273944572148,0.8791420490966962,0.3433020534966273,1.2067417165082353,1.4054422034899943,0.23346844266673236,-1.326878029834072,-1.311802835793659,1.7077593225907453,-0.15671296585411776,-0.1286050995756756,1.0598370133443638,1.2294746473373186
-1.6528045348100857,-0.012845245624624281,-1.364430361085818,-1.321126391940881,-1.2409171376118866,0.4902058866561492,0.14898601886888052,1.1824892611745377,-0.3220278822581663,-0.048692177789442154,0.3741368897752403,-0.0947344873334924,-1.043598285731368,-1.2164230196566044,-1.6316758778621745,0.5534555908838532,-0.15671296585411776,0.13908594269406654,-1.2108025380207457,1.2294746473373186
0.5518782265204917,1.237960547073171,0.4204415974126744,-1.321126391940881,0.03405924671092249,-0.15767556786999834,-0.789936597547512,1.1708737167574217,0.7867443620693991,0.2971850851100309,-0.40387089913919766,0.7737888599853684,-1.1757086369449643,0.2885264940113921,1.4670942171765686,1.3482220946820411,-1.2665256967664604,1.7619628864543784,-0.33494319051209015,-1.2231777221268842
1.4337513310527226,-0.012845245624624281,1.3128775766619205,0.0008485076377269405,-0.7597277033082368,-1.2757935619715757,0.9546048070286247,-1.0767341279545188,0.41715361396021067,0.5047114428497147,-0.32197534241136205,1.0632966424249886,-0.7353407995663092,-0.24994168060376262,-1.41176316144007,0.3642254709319037,-1.2665256967664604,-0.8229287404628193,-0.0950249745192771,0.0031484626052172586
-1.2118679825439702,-1.2636510383224195,1.3128775766619205,-0.6601389421515771,-0.3487849017496455,-1.2479276929596983,-0.5047823214506817,-0.14749057458524115,-0.47217412367752415,-1.0863239664878612,-0.04899015331857682,-0.8579822774015822,-1.1757086369449643,-0.4984654535030648,0.9273084586859488,-0.7333092247894034,-1.2665256967664604,-0.856390120746537,0.29256318417003624,0.0031484626052172586
0.11094167425437625,1.237960547073171,0.4204415974126744,-1.321126391940881,0.7575995639850235,-1.1051151142738271,1.3290146898712107,0.41005555743632555,-0.8995134261787734,0.4585944744631183,1.083898381416482,0.9843399744869104,0.01328452397740475,-0.4708517009586979,0.06764965812681364,1.1589919747300916,-0.15671296585411776,0.6702853546980861,0.5089308524601304,-1.2231777221268842
0.9928147787866072,1.237960547073171,1.3128775766619205,1.9838108570056392,-0.5735741265338322,0.2672789345611307,-0.6601102604627762,-0.6701900733554599,-1.2229053307743132,0.020483274790452453,-0.22643052622888724,0.8527455279234466,1.114204117424043,-1.0921611332069534,-0.9119615332080148,0.6669936628550229,0.9530997650582249,-1.1240811630162793,0.21163422805012194,0.0031484626052172586
-0.3299948780117392,-1.2636510383224195,1.3128775766619205,0.6618359574270309,1.6040714885629765,-0.03227915731655043,-0.2567212845209187,0.8630617897038485,0.49800159010909567,-1.6627860713203164,-1.1136323907804393,1.3001666462392234,0.057321307715270275,-0.4708517009586979,-0.552104360880935,0.4966865548982684,-1.2665256967664604,0.22273939340336096,0.998835451946822,1.2294746473373186
0.9928147787866072,-0.012845245624624281,-1.364430361085818,-0.6601389421515771,0.005960593612899153,1.31224902250653,-1.5468705093004802,0.7527141177412467,-1.5231978136130289,0.2741266009167327,-0.47211719641239397,-0.8053444987761966,0.23346844266673236,-1.1611955145678705,-1.3517869660522235,1.1779149867252867,-1.2665256967664604,-0.5845164059413301,0.45174463052311764,0.0031484626052172586
0.5518782265204917,-0.012845245624624281,0.4204415974126744,0.6618359574270309,0.5749583188478717,-1.4011899725250236,1.0102446657792257,1.3799535162655092,-1.5924960788835019,1.3809338421950466,-0.07628867222785535,-0.7000689415254256,-0.6472672320905781,-0.9126717416685685,-1.691652073250021,1.1589919747300916,0.9530997650582249,0.09725921733941935,0.5769909471909912,1.2294746473373186
0.5518782265204917,1.237960547073171,-0.47199438183657183,-1.321126391940881,-0.6051851112691085,-0.3004881465558696,0.17912427569212275,1.4380312383510891,-0.9226128479355976,0.9658811267156788,-1.0317368340526036,0.6158755241092119,-1.3518557718964266,-1.6996636891830252,0.8873243284273844,0.3831484829270987,0.9530997650582249,0.2854794814353318,-0.40403661640827965,1.2294746473373186
-0.7709314302778547,-1.2636510383224195,-1.364430361085818,1.9838108570056392,1.1720546971808679,-0.27610551117047694,-0.9475828640075482,-1.0883496723716348,-0.3335775931365785,-0.11786763036933677,-0.7041546071412614,-0.3579233804604199,-0.6032304483527126,-0.5122723297752483,1.3871259566594396,1.3103760706916514,2.0629124959705676,-0.8312940855337487,1.1054244262367356,0.0031484626052172586
0.11094167425437625,-0.012845245624624281,1.3128775766619205,-0.6601389421515771,-0.13102034023996462,1.239101116350352,1.3232188712513566,-0.31591596863342275,-1.0843088002333676,0.06660024317704887,1.1248461597803998,1.036977753112296,1.642645522278429,-1.1197748857513201,0.7073957422638445,0.4966865548982684,-1.2665256967664604,-0.024038286189057557,0.15483775128095717,1.2294746473373186
-1.6528045348100857,-1.2636510383224195,1.3128775766619205,1.3228234072163352,0.5819829821223776,0.7897639785338304,1.6396705678954,-0.9373475949491272,0.44025303571703495,-0.3253939881090206,-0.8542964611422933,-1.1211711705285097,-0.471120097139116,-1.4373330400115396,1.0272687843323598,0.43991751891268355,-1.2665256967664604,-1.1826385785127853,0.9623347486958269,0.0031484626052172586
0.5518782265204917,-0.012845245624624281,-1.364430361085818,-0.6601389421515771,-0.20829163625952882,-1.460404944175263,1.519117540602431,0.45651773510478943,1.6183235453150733,-1.5936106187404218,-0.2946768235020835,-0.5421556056492691,1.1582409011619084,-0.42943107214214754,-1.031913923983708,-1.1306924766884974,0.9530997650582249,-0.03658630379545172,0.09764194761571937,1.2294746473373186
-1.6528045348100857,-1.2636510383224195,0.4204415974126744,0.6618359574270309,1.635682473298253,0.6922334369922598,-0.5395572331698073,-0.24041492992216892,-0.8648642935435369,-1.4091427451940362,1.3568835705092672,-0.12105337664618515,0.40961557761819445,-0.4570448246865144,0.007673462738967013,-1.5469987405827863,0.9530997650582249,-0.7852846876436368,1.249882030397494,0.0031484626052172586
0.9928147787866072,1.237960547073171,0.4204415974126744,0.0008485076377269405,-1.5394653267783844,-0.7707246861312993,-0.3459768912666745,-1.6342802599760855,1.0985865557865269,0.2971850851100309,-0.4584679369577547,-0.5947933842746547,1.114204117424043,0.5646640194550612,-0.032310667519597415,-0.9036163327461579,-0.15671296585411776,-0.8898515010302548,-1.1795991487583006,0.0031484626052172586
0.9928147787866072,1.237960547073171,0.4204415974126744,0.6618359574270309,1.3125479626709844,1.2704502189887141,-0.06777759751366935,-1.6633191210188756,0.1746096855135557,0.18189266414353988,-0.4175201585938369,-1.6475489567823647,0.36557879388032893,-0.07045228906537772,0.22758617916107135,1.461760166653211,-1.2665256967664604,-1.1073504728744203,1.225631248645221,0.0031484626052172586
-1.2118679825439702,-1.2636510383224195,-0.47199438183657183,0.6618359574270309,0.005960593612899153,-0.9727522364674098,-0.23585633748944332,1.6238799490249447,0.49800159010909567,-1.2016163874543524,1.0293013435979248,1.6949499859296147,0.8499834149968497,0.39898150418885975,0.7473798725224089,1.026530890763727,-1.2665256967664604,2.3015276435293273,-0.5465502382033303,-1.2231777221268842
-0.3299948780117392,-1.2636510383224195,1.3128775766619205,1.9838108570056392,-1.0758375506609994,0.48323941940317994,-0.878033040569297,0.8746773341209644,-1.199805909017489,-1.3630257768074396,0.10115170068245506,-1.305403395717359,-1.7041500417993507,0.5784708957272446,1.227189435625182,-0.6765401888038186,0.9530997650582249,-0.10769173689835197,-0.8209891287989446,1.2294746473373186
0.9928147787866072,-1.2636510383224195,-0.47199438183657183,0.0008485076377269405,-0.050236712583147526,1.2843831534946528,0.4631193880649822,-0.8444232396121994,1.2949316407195333,-0.9249145771347739,1.0293013435979248,-0.2789667125223417,1.4224616035891016,0.6751190296325288,0.287562374548918,-0.7522322367845984,-0.15671296585411776,0.19764335819057266,0.13866829149488052,1.2294746473373186
-1.6528045348100857,-1.2636510383224195,-0.47199438183657183,-1.321126391940881,0.992925783680969,-0.721959415360514,0.6056965261133973,-0.00810404157984948,-0.12568279732515994,1.33481687380845,0.9883535652340071,0.4842810775457481,0.8499834149968497,-0.9678992467573022,-0.8120012075616037,-1.0550004287077175,-0.15671296585411776,-0.044951648866381165,0.823608830664479,1.2294746473373186
-1.2118679825439702,-1.2636510383224195,0.4204415974126744,-0.6601389421515771,1.4811398812591245,-0.5303815659038574,0.999812192263488,0.17774466909400607,-1.1536070655038404,0.9428226425223806,-0.9771397962340467,-1.4633167315935154,0.8940201987347153,-1.2578436484731548,0.4474988955831757,0.023611255018394624,-1.2665256967664604,-0.8480247756756075,1.2162893246262814,0.0031484626052172586
-0.3299948780117392,-1.2636510383224195,1.3128775766619205,-1.321126391940881,-0.7737770298572485,-0.680160611842698,-1.005541050206091,-1.5355481324306,0.9022414708535206,-1.501376681967229,-0.7041546071412614,-1.6475489567823647,-0.8234143670420402,1.047904688981482,-1.3917710963107879,-0.5630021168326489,0.9530997650582249,-1.7054726454458753,0.2802151466114715,0.0031484626052172586
-0.7709314302778547,-1.2636510383224195,-0.47199438183657183,0.0008485076377269405,-1.398972061288268,1.5769747781193646,0.23012747954684035,-1.5762025378905058,-0.21808048435245705,1.3578753580017482,1.1930924570535961,-0.8053444987761966,1.0701673336861774,1.6277934924131872,0.947300523815231,1.3103760706916514,0.9530997650582249,0.3524022420027673,-1.6261824827851918,1.2294746473373186
-1.6528045348100857,1.237960547073171,1.3128775766619205,0.6618359574270309,-1.0231525761022056,0.5529040919328732,-0.051549305378077385,-0.18814498004514704,1.4450778821388912,-0.07175066198274035,0.1966965168649299,1.5896744286788436,1.5105351710648325,0.2885264940113921,1.0872449797202064,-0.127772840943165,-1.2665256967664604,1.1178313159928113,-1.3396469968281233,-1.2231777221268842
0.5518782265204917,-1.2636510383224195,0.4204415974126744,1.3228234072163352,0.3326074358774205,-0.2412731749056303,0.9372173511690619,0.671405306821435,1.017738579637642,0.2510681167234345,-0.8269979422330148,0.8001077492980612,-1.6601132580614852,-1.6720499366386583,-1.5317155522157633,-0.03315778096719023,0.9530997650582249,-0.22062389535589944,0.5368128222418895,1.2294746473373186
0.9928147787866072,1.237960547073171,-0.47199438183657183,-0.6601389421515771,0.03405924671092249,-1.739063634294036,-0.05502679654998995,0.7294830289070148,0.15151026375673143,-1.524435166160527,-1.5913564716928135,1.1685721996757596,-1.4399293393721575,-0.6365342162248994,-0.7920091424323215,1.083299926749312,-0.15671296585411776,-0.2540852756396172,0.3570000281654436,1.2294746473373186
-0.7709314302778547,-0.012845245624624281,-0.47199438183657183,1.9838108570056392,1.1474683757200974,0.7967304457867997,1.2223716272658922,1.5774177713564808,0.6596975424068656,-0.6251542826218972,-0.1308857100464124,-1.305403395717359,-0.7353407995663092,1.6692141212297376,1.3471418264008752,-1.338845608635642,-1.2665256967664604,1.43571442868813,0.5013666834375847,-1.2231777221268842
-0.7709314302778547,1.237960547073171,-0.47199438183657183,-1.321126391940881,1.2598629881121908,0.7235825396306218,0.289244829469354,1.3044524775542554,-0.703168341245767,-0.14092611456263496,1.5206746839649383,1.3791233141773016,-0.030752259760460775,-1.1335817620235036,1.5870466079522618,-1.4145376566164216,-0.15671296585411776,1.017447175141658,0.6632057072187744,-1.2231777221268842
1.4337513310527226,-1.2636510383224195,-0.47199438183657183,0.0008485076377269405,1.0175121051417393,1.6570891515285118,0.04582044743547443,0.7817529787840366,-0.39132614752863915,-1.501376681967229,-1.4275653582371424,-0.06841559802079965,-0.383046529663385,1.1445528228867663,-1.691652073250021,1.1968379987204816,0.9530997650582249,-0.07841302915009893,0.8434928103068144,1.2294746473373186
-1.6528045348100857,1.237960547073171,-0.47199438183657183,0.6618359574270309,0.30450878277939714,0.016486113454234876,1.1574584587235244,0.206783530136796,-1.2575544634095497,0.13577569575694348,0.49698022486699367,-0.8316633880888894,-0.9555247182556368,-0.291362309420313,0.4474988955831757,-1.1496154886836922,-1.2665256967664604,-0.601247096083189,0.6416105567953212,0.0031484626052172586
-0.3299948780117392,-0.012845245624624281,-0.47199438183657183,-1.321126391940881,-1.2303801427001277,0.7026831378717138,1.6524213688590794,-0.31010819642486476,1.5374755691661883,0.4816529586564165,0.07385318177317654,1.2475288676138379,-0.5151568808769815,-0.029031660248827352,-1.1118821845008369,0.8940698067973624,-0.15671296585411776,0.5489878511696092,-1.4088757478464355,-1.2231777221268842
0.11094167425437625,-0.012845245624624281,1.3128775766619205,0.0008485076377269405,-0.5770864581710852,-1.6484995600054348,1.05661121473806,1.536763365896575,1.595224123558249,-0.3023355039157224,0.2649428141381262,-1.094852281215817,0.49768914509392553,1.6139866161410037,-0.4721361003638061,0.5913016148742432,0.9530997650582249,2.104942034362485,-1.1249879490153138,-1.2231777221268842
-0.7709314302778547,-0.012845245624624281,0.4204415974126744,-1.321126391940881,1.4495288965238482,0.897744220954855,0.5720807781182425,-0.6585745289383439,1.6645223888287217,-1.7089030397069127,1.5206746839649383,1.326485535551916,1.7747558734920257,-1.4649467925559065,-1.3317949009229413,0.08038029100397948,-0.15671296585411776,-0.04076897633091644,1.006851986196689,1.2294746473373186
-0.7709314302778547,1.237960547073171,0.4204415974126744,0.0008485076377269405,-1.0372019026512174,0.6887502033657751,-1.5387563632326842,-1.523932588013484,1.2718322189627091,-0.9249145771347739,0.5788757815948292,-1.5949111781569791,0.5857627125696566,0.164264607561741,1.507078347435133,-1.4145376566164216,-1.2665256967664604,-0.7727366700372426,-0.44093752588427043,0.0031484626052172586
0.5518782265204917,-1.2636510383224195,-1.364430361085818,1.9838108570056392,-1.3357500918177154,0.38919211148809396,-0.9151262797363643,-1.0999652167887508,-0.6685192086105305,0.4355359902698201,1.3432343110546279,-1.3580411743427445,0.14539487519100133,-0.3742035670534137,1.5470624776936974,-0.33592597289030945,0.9530997650582249,-0.6096124411541185,-0.9687683827505196,0.0031484626052172586
1.4337513310527226,1.237960547073171,1.3128775766619205,0.0008485076377269405,-1.1250101935825403,-1.1573636186710972,0.9383765148930328,0.8340229286610585,-0.541472388947997,-0.3945694406889152,1.4660776461463814,-0.38424226977311265,-1.6160764743236196,0.5922777719994281,1.0872449797202064,0.648070650859828,-0.15671296585411776,1.1178313159928113,-1.5134205206272588,-1.2231777221268842
0.11094167425437625,1.237960547073171,1.3128775766619205,-1.321126391940881,1.625145478386494,1.7023711886728126,-0.8560089298138507,-0.7747299731095036,0.8675923382182842,0.7814132531692931,-1.0044383151433252,1.0896155317376814,1.4224616035891016,1.475917853419169,1.5670545428229796,-1.6605368125539561,-0.15671296585411776,0.3063928441126554,0.9864036436696958,1.2294746473373186
0.9928147787866072,-1.2636510383224195,-1.364430361085818,1.3228234072163352,1.0912710695240506,0.6086358299566278,1.6338747492755457,1.432223466142531,0.9484403143671691,-0.0025752094028457496,1.1111969003257605,0.24741107373151336,1.5105351710648325,-0.08425916533756117,-1.6116838127328923,0.3642254709319037,0.9530997650582249,1.615569347713113,0.42530539872395456,-1.2231777221268842
-0.3299948780117392,1.237960547073171,-0.47199438183657183,-0.6601389421515771,-0.35932189666140424,1.1311208739293275,1.6524213688590794,1.432223466142531,1.595224123558249,-1.0171485139079668,-0.6768560882319828,0.9580210851742176,0.18943165892886685,1.351655966969518,0.5274671561003046,0.9697618547781421,-0.15671296585411776,2.1216727245043443,-0.862637545648689,-1.2231777221268842
1.4337513310527226,-0.012845245624624281,1.3128775766619205,-1.321126391940881,-1.0653005557492408,-1.0772492452619498,1.286125632084289,-0.03714290262263941,1.1678848210569999,-0.4637448932688098,-1.0180875745979645,-1.5422733995315936,1.5545719548026982,1.6968278737741045,-0.09228686290744405,-0.5630021168326489,-1.2665256967664604,0.2729314638289376,-0.9932737227565306,1.2294746473373186
-1.6528045348100857,1.237960547073171,-1.364430361085818,0.0008485076377269405,1.4460165648865952,-1.7320971670410668,1.2281674458857466,1.3160680219713714,-0.3335775931365785,-0.3945694406889152,1.2067417165082353,-0.4105611590858054,-1.6601132580614852,-1.0369336281182195,0.10763378838537807,0.8183777588165826,-0.15671296585411776,0.791582858226563,0.8000809175449731,-1.2231777221268842
-0.7709314302778547,-1.2636510383224195,1.3128775766619205,-1.321126391940881,0.30099645114214424,-1.0250007408646797,-1.3127194370583675,-1.4019693716337662,-1.4192504157073196,1.1503490002620644,0.7426668950505004,1.326485535551916,-0.9995615019935024,-1.630629307822108,1.6470228033401084,1.1400689627348968,-0.15671296585411776,-0.8689381383529312,0.7251723023280318,0.0031484626052172586
1.4337513310527226,-1.2636510383224195,0.4204415974126744,-0.6601389421515771,0.37124308388720256,0.9221268563402476,-1.6025103680510813,0.7004441678642248,1.3988790386252425,-0.0025752094028457496,0.5242787437762721,0.14213551648074235,0.7619098475211187,0.896029049987464,-0.05230273264887963,-0.16561886493355488,-0.15671296585411776,1.4900891716491713,0.022370161847827752,-1.2231777221268842
-0.3299948780117392,-1.2636510383224195,0.4204415974126744,0.6618359574270309,-1.1390595201315519,0.7270657732571064,0.8456434169753643,0.044165908297172395,-0.6685192086105305,0.18189266414353988,-1.0726846124165215,-0.8053444987761966,0.2775052264045979,1.6139866161410037,-1.4717393568279167,1.6888363105955504,-0.15671296585411776,-0.053316993937310604,-0.9436730345582792,1.2294746473373186
0.11094167425437625,1.237960547073171,0.4204415974126744,-1.321126391940881,-0.47522884069075055,-0.6313953410719128,-0.1384865846758915,1.1882970333830958,0.7405455185557506,0.4355359902698201,-0.6905053476866222,1.6949499859296147,1.290351252375505,0.9098359262596475,0.8273481330395377,-0.506233080847064,-0.15671296585411776,1.720136161099731,-0.8408628999931507,-1.2231777221268842
0.11094167425437625,-0.012845245624624281,-1.364430361085818,0.6618359574270309,-1.0196402444649528,-0.46071689337416416,-1.1886889185934861,-0.15910611900235713,-0.26427932786610564,-1.3169088084208433,0.48333096541235443,1.036977753112296,0.541725928831791,-0.291362309420313,0.06764965812681364,1.386068118672431,-1.2665256967664604,0.147451287764996,-0.8639790703751896,1.2294746473373186
-1.6528045348100857,1.237960547073171,1.3128775766619205,0.0008485076377269405,-0.626259101092626,-0.05317855907545842,0.08523201405048349,-1.3322761051310703,-0.5876712324616455,0.7122378005893986,1.397831348873185,0.9317021958615249,0.9380569824725807,1.2826215856086007,-0.9519456634665792,-0.5630021168326489,-0.15671296585411776,-0.3126426911361233,-0.1761374445592111,1.2294746473373186
0.11094167425437625,1.237960547073171,-1.364430361085818,0.6618359574270309,-0.19424230971051715,-0.41543485622986354,-0.6091070566080586,-1.3729305105909761,-0.5530220998264092,1.5192847473548357,-0.8269979422330148,-0.5158367163365765,0.057321307715270275,0.20568523637829136,-0.37217577471739505,1.5185292026387958,0.9530997650582249,-0.9233128813139726,0.4339107077724964,0.0031484626052172586
-0.7709314302778547,1.237960547073171,-0.47199438183657183,-1.321126391940881,1.635682473298253,1.5734915444928799,1.5469374699777316,0.31713120209939777,-1.5462972353698532,0.22800963253013629,-1.4275653582371424,0.7737888599853684,-0.5591936646148471,-1.3130711535618886,-0.43215197010524165,0.5345325788886583,0.9530997650582249,-1.0278796947005906,1.3075945224865853,0.0031484626052172586
-0.3299948780117392,-0.012845245624624281,1.3128775766619205,-1.321126391940881,1.3863069270532957,0.6330184653420204,0.8143459964281512,0.8979084229551964,0.012913733215785749,0.7122378005893986,1.3432343110546279,1.6686310966169218,-0.2509361784497884,0.6889259059047123,0.08764172325609586,-0.3926950088758943,-1.2665256967664604,1.5737426223584658,0.5799846476589192,-1.2231777221268842
0.11094167425437625,-0.012845245624624281,0.4204415974126744,0.0008485076377269405,0.7259885792497472,-0.9762354700938946,-0.9858352668985865,1.443839010559647,-0.4028758584070513,1.7037526209012213,0.8382117112329752,-0.3052856018350344,0.8499834149968497,-0.898864865396385,1.6270307382108262,-0.7711552487797934,0.9530997650582249,1.389705030798018,0.28444949843467326,-1.2231777221268842
-0.3299948780117392,-0.012845245624624281,0.4204415974126744,1.3228234072163352,0.03405924671092249,1.5212430400956098,1.5341866690140522,1.037294955960588,0.45180274659544706,-0.7404467035883883,1.5206746839649383,1.326485535551916,0.9820937662104463,-1.5201742976446404,-0.25222338394170174,0.9319158307877523,0.9530997650582249,1.2391288195212882,-0.15549733504592483,-1.2231777221268842
0.9928147787866072,-0.012845245624624281,-0.47199438183657183,-1.321126391940881,0.37124308388720256,0.49717235390911857,-1.093637493227876,-1.2741983830454904,0.07066228760784644,-1.4322012293873343,-1.6869012878752883,-0.7263878308381184,-0.7353407995663092,-1.5477880501890073,-1.4917314219571989,-0.41161802087108923,-1.2665256967664604,-2.7260447440992674,1.346049486744393,0.0031484626052172586
1.4337513310527226,-0.012845245624624281,1.3128775766619205,-1.321126391940881,-0.08536002895567671,-0.8926378630582625,1.6999470815418845,-1.059310811328845,0.7405455185557506,-0.09480914617603857,-0.840647201687654,-0.9895767239650459,1.290351252375505,0.8822221737152807,-1.3917710963107879,-0.506233080847064,0.9530997650582249,-0.9400435714558314,0.5152006474101529,0.0031484626052172586
1.4337513310527226,-0.012845245624624281,1.3128775766619205,0.0008485076377269405,0.37124308388720256,0.7026831378717138,-0.7864591063755995,-1.7272046153130134,1.0408380013944663,0.7814132531692931,0.6744205977773041,0.35268663098228437,-1.572039690585754,0.2747196177392086,0.947300523815231,0.9886848667733371,0.9530997650582249,-0.1118744094338167,0.5253157783511854,1.2294746473373186
0.5518782265204917,1.237960547073171,-1.364430361085818,-0.6601389421515771,0.20265116529906252,1.2216849482179288,0.5500566673627963,1.072141589211936,-0.056384532054687096,0.6200038638162058,0.46968170595771513,-0.8579822774015822,-1.572039690585754,0.04000272111208992,-0.17225512342457291,0.4209945069174886,-0.15671296585411776,0.791582858226563,0.12531179117840502,-1.2231777221268842
0.5518782265204917,-1.2636510383224195,-0.47199438183657183,0.0008485076377269405,0.6346679566811714,0.4484070831383333,-0.8815105317412095,-1.4135849160508822,0.44025303571703495,-1.5936106187404218,0.305890592502044,0.40532440960766986,0.9380569824725807,1.5587591110522698,0.4075147653246113,0.43991751891268355,-0.15671296585411776,-0.24571993056868777,0.7101901122496571,1.2294746473373186
-0.7709314302778547,-1.2636510383224195,0.4204415974126744,1.3228234072163352,-0.24341495263205798,-0.7916240878902073,-0.5847646184046706,-1.44843154930223,1.3064813515979454,-0.09480914617603857,1.507025424510299,-0.3579233804604199,0.23346844266673236,0.41278838046104316,0.287562374548918,0.26961041095592897,0.9530997650582249,0.08471119973302518,0.023559060645601197,1.2294746473373186
0.11094167425437625,1.237960547073171,1.3128775766619205,0.0008485076377269405,1.417917911788572,-0.4850995287595568,-1.4935489779978208,-0.10683616912533525,0.8675923382182842,-0.1639845987559332,-1.1682294285989963,1.537036650053458,1.2463144686376395,-1.0921611332069534,0.8873243284273844,-1.0171544047173278,-1.2665256967664604,-0.15788380732392862,1.0242462548923588,1.2294746473373186
0.5518782265204917,-0.012845245624624281,0.4204415974126744,0.0008485076377269405,0.733013242524253,1.002241229749395,0.5326692115032335,1.455454554976763,-0.4259752801638756,-0.9249145771347739,-1.250124985326832,1.537036650053458,-0.9995615019935024,1.4206903483304354,-0.41215990497595945,1.461760166653211,2.0629124959705676,1.1596580413474584,0.35480404308309127,-1.2231777221268842
0.11094167425437625,1.237960547073171,0.4204415974126744,-1.321126391940881,1.3441589474062607,-1.655466027258404,0.1003011424621046,0.3403622909336297,0.9022414708535206,1.2425829370352572,-1.6323042500567313,0.3263677416695916,0.3215420101424634,1.3240422144251511,1.2871656310130286,-0.9793083807269378,-1.2665256967664604,0.8334095835812102,0.7470690175927369,-1.2231777221268842
0.11094167425437625,-1.2636510383224195,-0.47199438183657183,-0.6601389421515771,-0.03267505439688294,0.8594286510635237,-1.1423223696346518,-1.3206605607139543,1.606773834436661,1.4270508105816428,1.657167278511331,0.3790055202949771,0.5857627125696566,-0.719375473858,-0.43215197010524165,-1.4523836806068116,-1.2665256967664604,-0.11605708196928141,0.2617925535145523,1.2294746473373186
0.5518782265204917,-1.2636510383224195,0.4204415974126744,0.0008485076377269405,0.3607060889754438,-0.05666179270194308,1.1574584587235244,1.3334913385970453,1.352680195111594,0.3663605376899255,0.7699654139597789,0.1684544057934351,0.057321307715270275,1.1169390703423994,0.48748302584174014,1.499606190643601,0.9530997650582249,2.5566706681926754,-0.32095056836475155,-1.2231777221268842
1.4337513310527226,1.237960547073171,-1.364430361085818,-0.6601389421515771,0.9191668192986577,-0.31442108106180827,1.5249133592222852,-0.629535667895554,0.6481478315284535,-0.09480914617603857,-0.9361920178701288,-0.7000689415254256,1.378424819851236,0.7855740398099964,-0.2122392536831373,0.23176438696553908,-1.2665256967664604,-0.2582679481750819,0.8491575815878107,1.2294746473373186
1.4337513310527226,1.237960547073171,-0.47199438183657183,1.3228234072163352,-1.4411200409353029,-1.2479276929596983,1.049656232394235,1.072141589211936,0.036013154972610026,-1.5705521345471236,0.4423831870484366,-0.015777819395414148,0.7178730637832531,0.5922777719994281,1.3871259566594396,-0.07100380495758013,0.9530997650582249,1.1554753688119936,-2.1797407202350065,-1.2231777221268842
-1.6528045348100857,-0.012845245624624281,-1.364430361085818,-0.6601389421515771,0.9402408091221752,1.2983160880005915,-0.7876182700995703,1.6238799490249447,-0.714718052124179,-1.386084261000738,-1.2364757258721926,0.5895566347965191,0.8940201987347153,-1.1059680094791369,0.4474988955831757,0.4966865548982684,-1.2665256967664604,0.327306206789979,0.6977799679715311,1.2294746473373186
-1.2118679825439702,1.237960547073171,-0.47199438183657183,0.0008485076377269405,0.38880474207346716,-0.6662276773367594,-1.523687234821063,-1.3613149661738602,0.8675923382182842,1.1964659686486607,-0.7996994233237362,-1.5422733995315936,0.40961557761819445,-1.5339811739168239,0.9273084586859488,0.23176438696553908,0.9530997650582249,-1.1198984904808145,0.8506903233630743,0.0031484626052172586
-1.6528045348100857,-0.012845245624624281,1.3128775766619205,1.3228234072163352,-0.8721223157003302,-1.512653448572533,1.6025773287283327,0.36359337976786166,1.2256333754490605,0.18189266414353988,-1.7141998067845667,-1.621230067469672,0.057321307715270275,1.0064840601649316,0.2675703094196358,1.1968379987204816,0.9530997650582249,0.5866319039887917,-0.8627669033685584,-1.2231777221268842
0.11094167425437625,1.237960547073171,0.4204415974126744,0.0008485076377269405,0.26236080313236215,-1.188712721309459,0.027273827851940744,0.5726731792759492,0.001364022337373608,0.9658811267156788,0.9064580085061715,-0.3052856018350344,-1.1757086369449643,-0.9264786179407518,-0.9719377285958614,-0.18454187692874985,-0.15671296585411776,0.18091266804871375,0.36483992745813887,1.2294746473373186
-0.3299948780117392,-1.2636510383224195,-0.47199438183657183,0.6618359574270309,1.4495288965238482,-1.7251306997880973,-0.4445058078041972,0.7527141177412467,0.694346675042102,-0.048692177789442154,0.14209947904637285,1.3001666462392234,0.1013580914531358,-1.6030155552777412,1.706998998727955,-0.10884982894797003,-1.2665256967664604,0.8919669990777164,0.7767505567925103,-1.2231777221268842
0.5518782265204917,-1.2636510383224195,-0.47199438183657183,-1.321126391940881,0.38529241043621426,-1.59276782198168,0.37618210876716807,-1.6691268932274335,-1.765741742059684,0.8044717373625914,1.1657939381443174,0.35268663098228437,-1.21974542068283,-1.07835425693477,0.04765759299753144,0.7805317348261926,-0.15671296585411776,-1.5423484165627512,0.9810777771155258,0.0031484626052172586
0.11094167425437625,1.237960547073171,-0.47199438183657183,-1.321126391940881,-0.6719194123769139,-0.47813306150658746,0.8549167267671312,-0.0022962693712914937,-1.2344550416527253,-0.8557391245548793,1.4933761650556598,1.563355539366151,-0.9995615019935024,1.2550078330642338,-0.5920884911394994,1.5752982386243806,-1.2665256967664604,0.61172793920158,-0.6178520281402528,-1.2231777221268842
0.9928147787866072,1.237960547073171,-1.364430361085818,-0.6601389421515771,-0.584111121445591,0.6748172688598365,0.3657496352514304,-1.0302719502860551,-0.3451273040149906,0.4585944744631183,-0.5949605315041473,-0.9895767239650459,1.378424819851236,1.6139866161410037,1.5270704125644152,1.1779149867252867,-1.2665256967664604,0.07634585466209574,-0.2945691337759182,1.2294746473373186
0.9928147787866072,1.237960547073171,-0.47199438183657183,0.0008485076377269405,-1.005590917915941,1.46899453569834,-1.6894476473488953,-0.211376068879379,-0.37977643665022703,0.2741266009167327,-1.0590353529618823,1.1948910889884523,-1.6160764743236196,0.8546084211709137,-0.05230273264887963,0.47776354290307343,-1.2665256967664604,-0.1746144974657875,-0.6885972338592614,1.2294746473373186
-0.3299948780117392,1.237960547073171,-1.364430361085818,-1.321126391940881,-1.729131235190042,-1.4429887760428395,-0.7482067034845612,1.1418348557146318,-1.453899548342556,1.3578753580017482,-1.045386093507243,-1.6738678460950573,-0.20689939471192287,0.24710586519484173,0.20759411403178915,0.4966865548982684,0.9530997650582249,0.16418197790685488,-2.297928592222453,1.2294746473373186
0.11094167425437625,-0.012845245624624281,0.4204415974126744,0.0008485076377269405,0.06215789980894583,0.6260519980890512,0.2985181392611208,1.3160680219713714,1.3064813515979454,0.18189266414353988,-1.4548638771464208,0.22109218441882061,1.3343880361133704,-1.4235261637393561,0.06764965812681364,-0.03315778096719023,-0.15671296585411776,0.7455734603364511,0.03579540441194136,-1.2231777221268842
0.5518782265204917,-1.2636510383224195,0.4204415974126744,0.0008485076377269405,0.9297038142104165,1.3052825552535607,-0.7945732524433954,0.21839907455391197,0.001364022337373608,1.311758389615152,0.7290176355958611,-1.3843600636554372,1.4224616035891016,-0.8160236077632842,-1.6116838127328923,-1.300999584645252,-0.15671296585411776,-0.3377387263489116,0.8757032853977585,1.2294746473373186
1.4337513310527226,1.237960547073171,0.4204415974126744,-1.321126391940881,1.625145478386494,1.1137047057969043,-1.692925138520808,0.17774466909400607,-1.3499521504368468,-0.5098618616554063,1.3841820894185457,0.7737888599853684,-1.6601132580614852,1.4483041008748023,-0.09228686290744405,-0.9036163327461579,-0.15671296585411776,0.15581663283592545,1.0222976548399474,1.2294746473373186
0.9928147787866072,-1.2636510383224195,1.3128775766619205,-1.321126391940881,1.3336219524945019,1.343598125144892,0.2521515903022866,0.2706690244309339,1.2256333754490605,0.873647189942486,1.602570240692774,1.2475288676138379,-1.7481868255372162,0.4265952567332266,0.66741161200528,-0.48731006885186906,2.0629124959705676,1.481723826578242,0.578846375766043,-1.2231777221268842
0.9928147787866072,-1.2636510383224195,1.3128775766619205,0.0008485076377269405,-1.4235583827490383,0.19761426203143742,-1.2976503086467464,-1.7388201597301294,-0.6107706542184699,-0.371510956495617,-1.5504086933288956,1.5896744286788436,0.8499834149968497,0.7717671635378129,-1.0119218588544259,0.8562237828069724,0.9530997650582249,-1.471242983459851,-0.6289192690474902,0.0031484626052172586
-1.2118679825439702,-1.2636510383224195,0.4204415974126744,-1.321126391940881,0.3607060889754438,-1.7460301015470054,1.0415420863264389,-1.7330123875215713,1.0639374231512906,-0.07175066198274035,0.14209947904637285,-0.3052856018350344,-1.7481868255372162,0.5232433906385108,1.127229109978771,1.5563752266291857,-1.2665256967664604,-0.3084600186006586,0.5809765790913696,1.2294746473373186
-1.6528045348100857,-0.012845245624624281,-1.364430361085818,0.0008485076377269405,0.2939717878676384,-1.136464216912189,0.1675326384524142,-0.11264394133389323,1.260282508084297,1.3809338421950466,-1.1818786880536356,-0.1473722659588779,1.378424819851236,-1.1888092671122374,-0.3121995793295484,-0.8279242847653782,-0.15671296585411776,-0.2373545854977583,0.5190734442908266,1.2294746473373186
0.11094167425437625,1.237960547073171,1.3128775766619205,-0.6601389421515771,-0.07833536568117087,1.4933771710837327,1.05661121473806,-1.082541900163077,0.5095513009875078,-0.6712712510084936,-1.0044383151433252,1.1685721996757596,0.8059466312589841,1.020290936437115,-0.11227892803672626,-0.8468472967605731,-0.15671296585411776,-0.6639871841151599,0.4221039914391803,0.0031484626052172586
0.9928147787866072,-0.012845245624624281,-0.47199438183657183,1.3228234072163352,-0.1872176464360113,-0.7602749852518453,0.13971270907711367,1.4844934160195529,0.35940505956814994,-0.4176279248822134,1.083898381416482,1.1685721996757596,1.114204117424043,-0.07045228906537772,-1.3717790311815057,-1.1874615126740822,0.9530997650582249,1.1763887314893173,-0.3286872663347629,-1.2231777221268842
0.5518782265204917,-0.012845245624624281,0.4204415974126744,1.3228234072163352,0.3255827726029146,1.563041843613426,1.0983411088010107,0.41005555743632555,1.110136266664939,1.219524452841959,-1.3320205420546676,1.326485535551916,0.8059466312589841,0.316140246555759,0.4075147653246113,0.3642254709319037,-1.2665256967664604,1.0592739004963052,0.12612270109666662,-1.2231777221268842
-0.7709314302778547,-0.012845245624624281,-0.47199438183657183,1.9838108570056392,-1.732643566827295,-0.23778994127914563,-0.3216344530632866,1.501916732645227,-0.47217412367752415,-1.501376681967229,1.507025424510299,-0.7263878308381184,-1.2637822044206954,-1.3406849061062556,0.947300523815231,-1.282076572650057,0.9530997650582249,0.37331560468009095,-2.447994071122903,1.2294746473373186
0.11094167425437625,-1.2636510383224195,1.3128775766619205,1.3228234072163352,-0.9493936117198944,0.2289633646697994,-0.42248169704875094,-0.8095766063608516,-1.7195428985460353,1.5192847473548357,-1.618654990602092,-1.6475489567823647,1.642645522278429,-1.7134705654552087,-1.4717393568279167,-0.16561886493355488,-1.2665256967664604,-2.395613613797554,0.4338698474243365,0.0031484626052172586
0.9928147787866072,1.237960547073171,-0.47199438183657183,-1.321126391940881,-1.4446323725725558,-0.4084683889768942,-0.2080364081141428,1.3451068830141613,1.6183235453150733,-1.3169088084208433,-1.359319060963946,-1.3580411743427445,1.5986087385405636,0.7993809160821799,-1.3317949009229413,1.4806831786484058,0.9530997650582249,1.1261966610637406,-2.171011968368342,-1.2231777221268842
-1.2118679825439702,-1.2636510383224195,-1.364430361085818,0.6618359574270309,1.540849519092424,-0.7707246861312993,0.0029313896485527926,-0.4843413626816043,0.5326507227443321,0.4585944744631183,1.6162195001474131,0.3000488523568989,0.49768914509392553,-1.1335817620235036,-1.59169174760361,1.1779149867252867,0.9530997650582249,0.10144188987488408,1.0053272036292464,1.2294746473373186
1.4337513310527226,-0.012845245624624281,1.3128775766619205,-1.321126391940881,0.6276432934066656,1.705854422299297,0.4132753479342354,-0.9838097726175912,-0.5299226780695848,-0.048692177789442154,-1.4548638771464208,0.5105999668584409,0.7178730637832531,1.0893253177980324,1.4870862823058508,1.5942212506195756,-0.15671296585411776,-0.21225855028497,0.6967468568365301,1.2294746473373186
0.9928147787866072,-1.2636510383224195,-1.364430361085818,-1.321126391940881,0.9367284774849223,-0.9309534329495939,-1.3996567163561817,-1.2161206609599107,-0.010185688541038532,-0.6251542826218972,0.9474057868700894,-1.279084506404666,0.45365236135606,1.4483041008748023,0.38752270019532903,0.11822631499436938,0.9530997650582249,-0.31682536367158803,0.8730344406864201,1.2294746473373186
0.5518782265204917,-0.012845245624624281,1.3128775766619205,0.6618359574270309,-0.33473557520063385,-0.32138754831477756,-0.44682413525213893,0.42747887406199947,-0.8648642935435369,-0.4406864090755116,1.247689494872153,0.5369188561711337,-0.9114879345177712,0.3299471228279425,0.5874433514881512,0.004688243023199673,-0.15671296585411776,0.5197091434213562,-0.22227059283128064,-1.2231777221268842
0.9928147787866072,1.237960547073171,-0.47199438183657183,-1.321126391940881,-1.009103249553194,-1.261860627465637,-1.1040699667436136,-1.5994336267247378,-0.44907470192069987,-1.2477333558409487,0.48333096541235443,1.352804424864609,0.5857627125696566,1.6416003686853706,0.8473401981688199,0.9319158307877523,-0.15671296585411776,-0.24153725803322304,-0.6611556813155429,1.2294746473373186
0.11094167425437625,-1.2636510383224195,1.3128775766619205,-1.321126391940881,0.5398350024753427,1.5874244789988186,0.44689109592939025,-1.6052413989332956,0.8791420490966962,1.5192847473548357,-0.021691634409298294,-1.4633167315935154,-1.1316718532070988,-0.8850579891242015,0.8273481330395377,1.1968379987204816,-1.2665256967664604,-0.7392752897535249,0.809484827870383,0.0031484626052172586
-1.2118679825439702,-1.2636510383224195,0.4204415974126744,0.0008485076377269405,0.14645385910301584,-1.5683851865962875,-0.009819411315126612,0.16612912467689012,-0.1718816408388085,-0.5098618616554063,-1.3729683204185852,0.6948321920472901,1.5545719548026982,0.8408015448987303,-0.8120012075616037,-0.4683870568566741,2.0629124959705676,-0.2164412228204347,0.41973511029112903,1.2294746473373186
0.5518782265204917,-0.012845245624624281,0.4204415974126744,0.0008485076377269405,-1.5886379696999253,-0.5791468366746427,-1.7195859041721375,-0.4785335904730464,0.5442004336227442,-0.7635051877816864,0.7699654139597789,-0.2526478232096489,-0.33900974592551947,1.6416003686853706,1.5270704125644152,0.023611255018394624,-0.15671296585411776,0.6995640624463392,-2.2682675632404057,-1.2231777221268842
-1.6528045348100857,-1.2636510383224195,0.4204415974126744,-1.321126391940881,-1.0372019026512174,-1.2479276929596983,0.31706475884465446,-0.34495482967621266,-0.9688116914492462,0.8967056741357842,-1.6050057311474528,1.3791233141773016,0.7178730637832531,0.41278838046104316,1.4870862823058508,-1.2442305486596672,-0.15671296585411776,-0.47994959255471215,-0.5837021733779038,0.0031484626052172586
-0.7709314302778547,-1.2636510383224195,-0.47199438183657183,0.6618359574270309,0.6522296148674359,0.4623400176442719,0.8143459964281512,0.10224363038275226,1.2718322189627091,-1.3630257768074396,-0.7724009044144577,1.3001666462392234,1.114204117424043,-0.3465898145090468,-1.2518266404058125,-1.4713066926020064,-1.2665256967664604,-0.32937338127798216,0.7436031786682707,1.2294746473373186
0.5518782265204917,1.237960547073171,0.4204415974126744,0.6618359574270309,-0.8545606575140656,-1.5788348874757414,0.4944168086121953,-1.1464273944572148,0.1746096855135557,1.2886999054218535,0.2376442952288477,-0.1473722659588779,0.01328452397740475,-1.4649467925559065,-1.2118425101472479,-0.8090012727701832,0.9530997650582249,-1.3541281524668387,0.0441499205094767,0.0031484626052172586
-1.6528045348100857,-1.2636510383224195,-1.364430361085818,-1.321126391940881,-0.6859687389259256,-0.3597031182061089,0.8062318503603553,-1.7504357041472454,0.4633524574738592,-1.1554994190677559,1.247689494872153,-1.5949111781569791,-1.043598285731368,-0.9955129993016691,1.6470228033401084,0.32637944694151383,0.9530997650582249,-1.1575425432999968,0.123446353298353,0.0031484626052172586
-1.6528045348100857,-1.2636510383224195,-1.364430361085818,1.3228234072163352,0.37124308388720256,1.3401148915184073,-0.30888365209960716,-0.4553025016388144,-0.8186654500298883,-0.5790373142353008,-0.5540127531402296,0.03685995922997135,0.2775052264045979,0.9098359262596475,-0.6320726213980637,-1.4713066926020064,-1.2665256967664604,-1.0487930573779143,0.819466739439311,0.0031484626052172586
-0.3299948780117392,1.237960547073171,1.3128775766619205,0.0008485076377269405,0.1148428743677396,-1.54051931758441,-0.23585633748944332,-1.500701499179252,-1.280653885166374,0.3202435693033291,1.4114806083278242,-1.3317222850300516,-0.16286261097405735,-0.015224783976643898,-1.5317155522157633,0.7426857108358028,0.9530997650582249,-1.441964275711598,0.8103555820246546,0.0031484626052172586
-1.2118679825439702,-0.012845245624624281,1.3128775766619205,1.3228234072163352,-1.2338924743373807,-1.230511524827275,1.159776786171466,0.22420684676246996,0.9484403143671691,-1.0863239664878612,-0.0899379316824946,-0.4105611590858054,0.36557879388032893,1.6416003686853706,-0.831993272690886,1.1022229387445068,0.9530997650582249,0.8166788934393513,-1.5567028456382708,-1.2231777221268842
-0.7709314302778547,-0.012845245624624281,-1.364430361085818,1.3228234072163352,0.03405924671092249,-1.4987205140665942,-1.0947966569518468,0.8398307008696165,-0.8417648717867127,-0.7635051877816864,1.6844657974206094,0.14213551648074235,0.18943165892886685,-0.8850579891242015,-1.6116838127328923,0.09930330299917443,0.9530997650582249,0.13490327015860185,0.22349231169861655,1.2294746473373186
-1.6528045348100857,1.237960547073171,0.4204415974126744,0.0008485076377269405,0.522273344289078,1.148537042061751,1.19223337044265,1.7051887599447564,0.936890603488757,-0.9710315455213703,1.5206746839649383,-0.17369115527157064,-0.16286261097405735,-0.9955129993016691,1.0272687843323598,1.3671451066772362,2.0629124959705676,2.0296539287241204,-0.036608085394969195,-1.2231777221268842
